issue,date,r1,r2,r3,r4,r5,b1,b2,sales,pool
20160927,2016-09-27,6,9,13,39,41,2,12,0,17000000
20160930,2016-09-30,17,35,37,43,44,2,10,0,130000000
20161004,2016-10-04,4,7,14,34,38,4,11,0,140796507
20161007,2016-10-07,2,12,20,27,30,9,11,0,155533572
20161011,2016-10-11,5,12,20,24,37,4,11,0,168085323
20161014,2016-10-14,7,13,19,31,34,1,11,0,17000000
20161018,2016-10-18,2,17,21,25,27,6,9,0,26452819
20161021,2016-10-21,9,20,23,44,48,8,10,0,39871819
20161025,2016-10-25,3,15,20,21,28,1,5,0,50108729
20161028,2016-10-28,10,16,19,23,43,2,8,0,17375733
20161101,2016-11-01,6,10,20,29,37,1,9,0,17000000
20161104,2016-11-04,7,11,12,44,48,3,7,0,30088611
20161108,2016-11-08,5,9,47,49,50,8,9,0,39336342
20161111,2016-11-11,3,22,23,38,49,2,9,0,17000000
20161115,2016-11-15,7,15,36,42,48,3,7,0,25643917
20161118,2016-11-18,3,12,27,32,47,6,8,0,38149039
20161122,2016-11-22,5,10,33,34,47,2,10,0,47367563
20161125,2016-11-25,5,11,17,23,28,10,11,0,61141778
20161129,2016-11-29,21,26,27,28,38,9,11,0,17000000
20161202,2016-12-02,6,11,23,31,32,2,12,0,29377167
20161206,2016-12-06,1,7,11,27,45,4,9,0,17000000
20161209,2016-12-09,6,12,28,37,40,1,5,0,29101354
20161213,2016-12-13,14,28,29,48,50,2,8,0,38164327
20161216,2016-12-16,6,10,30,41,45,4,11,0,51365465
20161220,2016-12-20,13,15,17,21,27,2,3,0,61653352
20161223,2016-12-23,4,16,20,39,46,2,5,0,17000000
20161227,2016-12-27,3,22,25,32,39,7,12,0,25251858
20161230,2016-12-30,8,10,22,29,47,1,3,0,17000000
20170103,2017-01-03,19,23,27,34,49,1,11,0,25365762
20170106,2017-01-06,10,14,18,21,49,9,11,0,37152275
20170110,2017-01-10,2,11,29,35,44,4,9,0,46366060
20170113,2017-01-13,3,7,16,26,50,4,7,0,61704973
20170117,2017-01-17,4,16,25,43,47,2,10,0,72166974
20170120,2017-01-20,10,17,27,31,49,3,5,0,81343946
20170124,2017-01-24,1,5,7,17,23,3,8,0,88587275
20170127,2017-01-27,17,20,28,45,48,5,9,0,17000000
20170131,2017-01-31,3,4,17,23,44,6,9,0,25880509
20170203,2017-02-03,3,4,15,46,50,5,9,0,17000000
20170207,2017-02-07,4,10,31,38,44,8,10,0,25508738
20170210,2017-02-10,7,21,26,35,43,2,9,0,37780528
20170214,2017-02-14,2,10,24,40,44,3,10,0,47141418
20170217,2017-02-17,19,25,33,36,48,2,9,0,17000000
20170221,2017-02-21,13,19,41,45,49,3,4,0,17000000
20170224,2017-02-24,2,4,13,22,43,8,9,0,28811185
20170228,2017-02-28,10,20,31,35,42,2,12,0,37350466
20170303,2017-03-03,2,11,29,30,47,1,12,0,50129163
20170307,2017-03-07,6,37,41,48,50,4,5,0,59887734
20170310,2017-03-10,31,36,38,47,49,8,11,0,73878559
20170314,2017-03-14,3,5,21,36,44,3,6,0,0
20170317,2017-03-17,6,10,19,29,36,3,9,0,17000000
20170321,2017-03-21,1,20,23,44,47,4,11,0,25165272
20170324,2017-03-24,2,17,21,27,34,5,9,0,36870612
20170328,2017-03-28,9,13,31,33,46,6,10,0,45620296
20170331,2017-03-31,17,24,26,28,45,4,12,0,58432786
20170404,2017-04-04,1,9,24,33,34,2,6,0,68205610
20170407,2017-04-07,2,10,19,35,50,6,7,0,76652440
20170411,2017-04-11,5,21,22,31,49,2,8,0,83397527
20170414,2017-04-14,4,14,20,23,33,6,10,0,17000000
20170418,2017-04-18,17,22,31,38,45,5,12,0,24655351
20170421,2017-04-21,2,13,16,22,49,4,5,0,36047524
20170425,2017-04-25,9,11,19,32,43,3,9,0,44628597
20170428,2017-04-28,14,20,25,30,39,2,8,0,57367996
20170502,2017-05-02,6,19,23,25,27,11,12,0,66014926
20170505,2017-05-05,3,7,30,35,43,1,3,0,74483969
20170509,2017-05-09,8,12,16,22,26,6,7,0,81075588
20170512,2017-05-12,2,20,28,29,44,3,9,0,90507121
20170516,2017-05-16,8,11,15,20,30,3,8,0,98136932
20170519,2017-05-19,9,11,12,19,30,4,9,0,109192064
20170523,2017-05-23,8,15,25,27,42,1,4,0,118337309
20170526,2017-05-26,5,7,26,36,39,2,10,0,130028601
20170530,2017-05-30,7,12,27,38,48,6,9,0,139962742
20170602,2017-06-02,8,10,24,33,42,3,9,0,153873716
20170606,2017-06-06,20,22,25,37,40,3,7,0,17000000
20170609,2017-06-09,9,20,27,39,43,10,11,0,29190553
20170613,2017-06-13,3,12,22,27,49,4,11,0,38110538
20170616,2017-06-16,15,17,38,41,42,9,12,0,50405630
20170620,2017-06-20,11,18,26,43,44,8,10,0,59644334
20170623,2017-06-23,3,4,21,31,38,3,7,0,72762689
20170627,2017-06-27,9,17,21,28,45,1,3,0,79203977
20170630,2017-06-30,17,35,39,47,50,6,8,0,100000000
20170704,2017-07-04,10,22,25,37,49,5,8,0,17000000
20170707,2017-07-07,11,20,35,37,45,3,6,0,28975630
20170711,2017-07-11,14,22,26,42,50,8,10,0,17000000
20170714,2017-07-14,11,14,20,21,47,7,10,0,17000000
20170718,2017-07-18,1,25,27,41,45,5,7,0,25104936
20170721,2017-07-21,1,8,9,26,49,5,9,0,36567350
20170725,2017-07-25,12,14,43,44,48,2,11,0,45205505
20170728,2017-07-28,5,9,29,31,41,2,4,0,57871110
20170801,2017-08-01,14,21,24,29,30,8,10,0,17000000
20170804,2017-08-04,29,30,36,40,41,2,9,0,28246597
20170808,2017-08-08,15,25,26,40,41,4,5,0,36563144
20170811,2017-08-11,18,28,39,46,48,5,12,0,17000000
20170815,2017-08-15,10,14,30,35,46,4,10,0,24238049
20170818,2017-08-18,2,24,39,42,45,2,8,0,35595611
20170822,2017-08-22,3,10,12,17,27,3,5,0,44105265
20170825,2017-08-25,1,5,7,15,47,9,12,0,17000000
20170829,2017-08-29,4,12,15,32,38,1,5,0,17000000
20170901,2017-09-01,3,7,8,14,49,5,8,0,28287321
20170905,2017-09-05,6,9,18,28,29,1,9,0,17000000
20170908,2017-09-08,9,24,42,47,49,1,5,0,28504963
20170912,2017-09-12,10,17,27,29,35,4,11,0,37430146
20170915,2017-09-15,13,18,37,44,49,9,12,0,130000000
20170919,2017-09-19,1,8,21,30,45,2,3,0,139531728
20170922,2017-09-22,6,11,31,39,42,1,3,0,152701511
20170926,2017-09-26,1,29,40,41,48,6,12,0,163620566
20170929,2017-09-29,7,18,19,32,48,3,7,0,178941892
20171003,2017-10-03,6,24,32,48,50,1,5,0,190000000
20171006,2017-10-06,1,9,15,19,25,1,7,0,190000000
20171010,2017-10-10,4,21,34,36,37,3,6,0,17000000
20171013,2017-10-13,23,29,37,45,50,5,11,0,33140111
20171017,2017-10-17,13,17,19,26,36,2,3,0,42395360
20171020,2017-10-20,4,17,23,27,30,3,8,0,55649983
20171024,2017-10-24,9,11,13,27,33,7,10,0,65407072
20171027,2017-10-27,3,16,23,32,39,1,4,0,17000000
20171031,2017-10-31,1,12,36,43,46,3,5,0,17000000
20171103,2017-11-03,5,12,17,33,41,4,9,0,28709464
20171107,2017-11-07,7,19,20,37,41,2,12,0,17000000
20171110,2017-11-10,13,22,29,36,37,1,9,0,29800638
20171114,2017-11-14,14,16,39,40,41,8,10,0,38477171
20171117,2017-11-17,20,26,35,36,42,5,12,0,51634094
20171121,2017-11-21,2,10,14,28,31,5,7,0,61046362
20171124,2017-11-24,19,24,28,30,50,3,10,0,74515266
20171128,2017-11-28,1,6,12,18,42,2,7,0,80976656
20171201,2017-12-01,5,24,29,35,46,11,12,0,90060314
20171205,2017-12-05,11,36,43,44,48,2,7,0,97420825
20171208,2017-12-08,4,22,30,32,34,3,4,0,107213099
20171212,2017-12-12,20,37,39,44,50,4,8,0,115458908
20171215,2017-12-15,25,30,31,42,50,2,11,0,126429055
20171219,2017-12-19,8,15,30,38,46,4,7,0,135346147
20171222,2017-12-22,5,24,30,31,43,3,6,0,17000000
20171226,2017-12-26,4,17,30,43,44,2,10,0,24717288
20171229,2017-12-29,4,8,22,23,48,1,12,0,38906715
20180102,2018-01-02,10,20,21,28,48,1,8,0,17000000
20180105,2018-01-05,2,5,20,38,41,4,8,0,28911186
20180109,2018-01-09,6,12,15,38,49,2,9,0,37933940
20180112,2018-01-12,13,21,23,30,45,4,6,0,51154443
20180116,2018-01-16,20,23,31,34,46,3,12,0,61162041
20180119,2018-01-19,3,8,17,44,50,2,7,0,75062596
20180123,2018-01-23,5,8,9,23,24,7,8,0,81794527
20180126,2018-01-26,6,15,24,28,48,4,9,0,91021687
20180130,2018-01-30,11,15,21,27,35,4,5,0,98248326
20180202,2018-02-02,14,34,36,39,48,2,3,0,108738581
20180206,2018-02-06,8,17,28,34,38,6,12,0,117593590
20180209,2018-02-09,22,31,36,38,44,1,11,0,129291731
20180213,2018-02-13,10,13,17,21,44,1,10,0,138421493
20180216,2018-02-16,10,12,23,32,50,4,10,0,150559073
20180220,2018-02-20,6,14,19,25,29,5,11,0,161121640
20180223,2018-02-23,10,17,18,28,47,3,7,0,177724496
20180227,2018-02-27,3,31,41,48,50,8,11,0,17000000
20180302,2018-03-02,2,7,34,45,48,1,12,0,29164811
20180306,2018-03-06,15,20,26,31,44,2,9,0,38461489
20180309,2018-03-09,9,14,21,32,44,1,12,0,51518629
20180313,2018-03-13,9,11,13,33,49,6,12,0,61521581
20180316,2018-03-16,4,17,24,27,31,10,11,0,17000000
20180320,2018-03-20,26,29,37,39,44,9,11,0,25434576
20180323,2018-03-23,5,7,11,46,50,8,11,0,37457698
20180327,2018-03-27,17,20,23,40,46,9,10,0,46327391
20180330,2018-03-30,12,17,28,35,47,7,11,0,58701125
20180403,2018-04-03,3,8,16,40,43,5,8,0,67723106
20180406,2018-04-06,1,29,33,45,47,4,8,0,76119641
20180410,2018-04-10,14,27,39,46,48,11,12,0,17000000
20180413,2018-04-13,5,25,34,48,50,6,7,0,17000000
20180417,2018-04-17,15,27,33,39,50,4,6,0,25723280
20180420,2018-04-20,3,16,25,39,44,7,11,0,130000000
20180424,2018-04-24,20,23,28,30,44,3,7,0,138724202
20180427,2018-04-27,12,24,40,41,46,5,12,0,17000000
20180501,2018-05-01,6,15,17,42,48,4,6,0,24728362
20180504,2018-05-04,6,12,23,39,45,9,12,0,36945285
20180508,2018-05-08,17,25,35,39,44,2,5,0,45566998
20180511,2018-05-11,3,22,34,49,50,8,11,0,17000000
20180515,2018-05-15,4,16,20,31,39,2,12,0,25146151
20180518,2018-05-18,5,8,10,13,31,3,6,0,36663314
20180522,2018-05-22,1,11,37,41,48,8,12,0,44872308
20180525,2018-05-25,13,15,16,28,41,4,5,0,57140617
20180529,2018-05-29,6,11,20,38,43,2,4,0,66136267
20180601,2018-06-01,17,18,24,29,40,4,5,0,74290358
20180605,2018-06-05,9,15,22,39,46,4,5,0,17000000
20180608,2018-06-08,8,19,32,43,46,2,8,0,17000000
20180612,2018-06-12,7,21,23,36,38,6,8,0,17000000
20180615,2018-06-15,23,26,33,38,49,1,12,0,28072727
20180619,2018-06-19,7,19,26,42,50,4,9,0,36158964
20180622,2018-06-22,14,25,39,41,44,2,8,0,17000000
20180626,2018-06-26,15,16,20,34,50,4,7,0,24657714
20180629,2018-06-29,15,21,23,40,48,3,12,0,35759659
20180703,2018-07-03,1,12,15,29,48,3,5,0,44211419
20180706,2018-07-06,8,30,33,38,48,2,10,0,56241097
20180710,2018-07-10,3,8,26,33,45,7,10,0,65538512
20180713,2018-07-13,1,4,14,21,49,2,12,0,17000000
20180717,2018-07-17,4,6,27,48,50,1,11,0,17000000
20180720,2018-07-20,2,15,40,43,46,3,6,0,27914266
20180724,2018-07-24,2,4,23,39,40,3,9,0,35993507
20180727,2018-07-27,11,17,22,23,41,6,11,0,47636023
20180731,2018-07-31,20,25,34,42,45,6,11,0,56774958
20180803,2018-08-03,7,26,36,38,43,6,12,0,69369394
20180807,2018-08-07,16,28,29,30,36,8,10,0,75479227
20180810,2018-08-10,18,20,36,43,44,3,9,0,83831487
20180814,2018-08-14,1,15,18,25,31,9,11,0,90786197
20180817,2018-08-17,2,15,18,24,43,8,12,0,99896146
20180821,2018-08-21,16,23,42,43,49,10,12,0,107839228
20180824,2018-08-24,3,14,31,36,50,1,12,0,17000000
20180828,2018-08-28,4,16,32,42,46,8,12,0,25031511
20180831,2018-08-31,4,30,31,38,42,4,6,0,36535987
20180904,2018-09-04,5,14,28,30,47,4,11,0,45447459
20180907,2018-09-07,4,23,27,31,50,1,8,0,17000000
20180911,2018-09-11,9,18,32,38,46,2,3,0,25114954
20180914,2018-09-14,1,3,33,40,45,3,4,0,36785881
20180918,2018-09-18,3,8,10,32,45,4,12,0,45748295
20180921,2018-09-21,5,7,21,25,37,3,4,0,130000000
20180925,2018-09-25,6,15,20,30,38,4,7,0,139272150
20180928,2018-09-28,2,4,8,27,50,2,9,0,151876472
20181002,2018-10-02,7,17,29,37,45,3,11,0,162403002
20181005,2018-10-05,8,16,24,26,35,3,11,0,17000000
20181009,2018-10-09,3,12,36,44,45,8,11,0,17000000
20181012,2018-10-12,4,9,12,31,43,5,8,0,28511487
20181016,2018-10-16,15,28,37,40,42,1,6,0,37140191
20181019,2018-10-19,1,3,29,47,48,3,12,0,49434483
20181023,2018-10-23,1,2,5,21,32,2,12,0,58925021
20181026,2018-10-26,5,18,21,31,35,6,9,0,72210652
20181030,2018-10-30,17,23,27,43,44,1,12,0,78587093
20181102,2018-11-02,5,15,17,37,44,7,11,0,87021202
20181106,2018-11-06,14,24,36,40,43,2,9,0,17000000
20181109,2018-11-09,14,17,32,37,49,11,12,0,29387682
20181113,2018-11-13,2,7,10,13,42,3,6,0,38112925
20181116,2018-11-16,9,10,13,28,41,1,12,0,50340148
20181120,2018-11-20,6,19,39,45,48,7,12,0,17000000
20181123,2018-11-23,5,8,25,26,30,3,10,0,28078913
20181127,2018-11-27,4,16,17,18,32,2,11,0,36531328
20181130,2018-11-30,3,10,12,23,26,1,12,0,48850310
20181204,2018-12-04,19,20,21,42,45,8,9,0,58045709
20181207,2018-12-07,11,17,26,37,48,1,10,0,70885902
20181211,2018-12-11,4,7,13,23,42,1,3,0,77047465
20181214,2018-12-14,12,29,38,42,44,2,12,0,85503050
20181218,2018-12-18,1,9,18,39,48,5,7,0,92347677
20181221,2018-12-21,2,12,15,34,50,3,4,0,102382992
20181225,2018-12-25,4,5,8,31,43,2,9,0,109785346
20181228,2018-12-28,13,16,34,35,45,10,12,0,120363454
20190101,2019-01-01,1,8,11,25,28,4,6,0,129645665
20190104,2019-01-04,7,11,19,27,37,6,10,0,17000000
20190108,2019-01-08,3,19,22,31,32,2,11,0,25825451
20190111,2019-01-11,1,19,31,39,48,1,6,0,38040648
20190115,2019-01-15,22,25,29,33,35,3,6,0,47436060
20190118,2019-01-18,5,6,16,30,46,5,10,0,60264632
20190122,2019-01-22,9,23,29,41,49,8,10,0,70256484
20190125,2019-01-25,1,6,13,15,16,6,10,0,78799794
20190129,2019-01-29,14,24,26,32,39,3,8,0,85646002
20190201,2019-02-01,3,21,26,41,46,1,6,0,120000000
20190205,2019-02-05,14,25,31,37,43,2,3,0,129262876
20190208,2019-02-08,11,12,13,39,46,7,10,0,141607621
20190212,2019-02-12,6,34,36,41,50,1,5,0,151629098
20190215,2019-02-15,15,27,34,38,49,2,10,0,164624365
20190219,2019-02-19,1,8,18,19,39,7,9,0,175475380
20190222,2019-02-22,3,27,29,33,50,3,7,0,17000000
20190226,2019-02-26,3,15,29,35,47,3,4,0,25879457
20190301,2019-03-01,6,9,19,26,31,11,12,0,40737694
20190305,2019-03-05,6,10,16,39,46,8,11,0,50394785
20190308,2019-03-08,17,18,19,24,40,4,8,0,63920702
20190312,2019-03-12,5,7,13,19,31,2,9,0,74349024
20190315,2019-03-15,3,15,24,42,46,9,12,0,83410540
20190319,2019-03-19,1,6,9,34,47,7,12,0,17000000
20190322,2019-03-22,4,17,26,30,43,6,11,0,28719145
20190326,2019-03-26,12,19,23,43,47,2,6,0,37479115
20190329,2019-03-29,13,23,26,32,47,6,10,0,49918767
20190402,2019-04-02,2,9,16,26,36,6,7,0,59503555
20190405,2019-04-05,1,7,10,29,45,3,5,0,72846386
20190409,2019-04-09,18,21,29,38,41,1,11,0,79149373
20190412,2019-04-12,1,28,35,36,46,6,9,0,17000000
20190416,2019-04-16,1,8,15,44,49,2,11,0,25270377
20190419,2019-04-19,7,8,32,41,49,5,11,0,36104655
20190423,2019-04-23,18,23,27,42,44,2,7,0,44153561
20190426,2019-04-26,14,33,35,47,50,9,11,0,17000000
20190430,2019-04-30,5,12,20,26,48,2,11,0,25326022
20190503,2019-05-03,2,9,20,27,43,5,6,0,17000000
20190507,2019-05-07,7,20,26,32,47,2,11,0,25024461
20190510,2019-05-10,1,4,27,45,48,1,7,0,17000000
20190514,2019-05-14,10,14,17,25,50,2,10,0,24956872
20190517,2019-05-17,16,28,42,43,45,6,7,0,36088260
20190521,2019-05-21,32,33,34,39,47,8,12,0,44599323
20190524,2019-05-24,5,16,23,30,49,6,7,0,56397248
20190528,2019-05-28,7,19,20,28,29,1,5,0,65353668
20190531,2019-05-31,1,23,24,26,35,1,11,0,17000000
20190604,2019-06-04,9,31,32,39,41,2,8,0,25380126
20190607,2019-06-07,1,4,16,20,34,2,5,0,130000000
20190611,2019-06-11,25,27,39,42,46,11,12,0,138716863
20190614,2019-06-14,1,13,30,31,39,2,7,0,17000000
20190618,2019-06-18,12,24,37,40,44,3,7,0,25307673
20190621,2019-06-21,5,8,9,25,39,3,7,0,36686125
20190625,2019-06-25,6,26,27,34,46,1,9,0,45289917
20190628,2019-06-28,1,3,16,33,49,2,11,0,57532742
20190702,2019-07-02,11,19,29,44,45,8,12,0,67120223
20190705,2019-07-05,2,9,20,34,42,6,9,0,75229368
20190709,2019-07-09,7,29,32,36,41,6,7,0,81747157
20190712,2019-07-12,2,31,39,45,47,4,8,0,90471737
20190716,2019-07-16,3,5,13,18,39,7,8,0,97518039
20190719,2019-07-19,13,14,17,26,28,2,7,0,107683454
20190723,2019-07-23,1,14,19,23,38,3,7,0,17000000
20190726,2019-07-26,2,5,27,37,42,3,10,0,27844950
20190730,2019-07-30,15,20,23,27,40,3,6,0,36345090
20190802,2019-08-02,13,22,33,44,50,2,5,0,48088964
20190806,2019-08-06,12,13,29,36,38,4,12,0,57394563
20190809,2019-08-09,2,14,35,41,42,10,11,0,70120308
20190813,2019-08-13,13,29,31,33,40,2,3,0,76458286
20190816,2019-08-16,9,10,27,37,42,1,5,0,84510207
20190820,2019-08-20,20,22,23,24,37,1,4,0,91270047
20190823,2019-08-23,4,17,35,42,45,2,8,0,100840609
20190827,2019-08-27,8,26,35,43,47,1,9,0,108433046
20190830,2019-08-30,25,27,45,46,49,4,6,0,119176433
20190903,2019-09-03,7,11,38,39,44,7,10,0,128170100
20190906,2019-09-06,10,13,22,40,48,2,5,0,139970283
20190910,2019-09-10,3,22,25,30,49,3,6,0,149857027
20190913,2019-09-13,1,12,27,42,47,6,7,0,164055006
20190917,2019-09-17,22,37,43,44,45,1,12,0,175143429
20190920,2019-09-20,8,21,25,38,50,4,8,0,189603734
20190924,2019-09-24,2,33,42,47,48,1,2,0,190000000
20190927,2019-09-27,24,37,41,43,46,2,8,0,190000000
20191001,2019-10-01,2,11,18,40,46,1,4,0,190000000
20191004,2019-10-04,6,9,35,41,44,6,9,0,190000000
20191008,2019-10-08,7,10,15,44,49,3,12,0,190000000
20191011,2019-10-11,2,14,19,42,45,5,6,0,17000000
20191015,2019-10-15,3,28,31,32,34,4,5,0,26357631
20191018,2019-10-18,8,18,22,41,42,11,12,0,38860931
20191022,2019-10-22,2,5,32,33,47,7,8,0,48515733
20191025,2019-10-25,34,37,39,40,50,4,10,0,61669532
20191029,2019-10-29,16,18,28,42,49,5,10,0,72065538
20191101,2019-11-01,2,20,39,44,48,5,7,0,80266472
20191105,2019-11-05,9,14,25,33,48,2,12,0,87082433
20191108,2019-11-08,8,17,20,23,45,2,8,0,97372165
20191112,2019-11-12,1,21,23,25,39,2,4,0,104800336
20191115,2019-11-15,3,13,20,32,34,4,11,0,114675404
20191119,2019-11-19,8,10,15,30,42,4,6,0,122766852
20191122,2019-11-22,3,21,32,34,48,3,11,0,17000000
20191126,2019-11-26,2,3,15,19,34,5,8,0,25884845
20191129,2019-11-29,3,7,12,42,50,6,8,0,38399547
20191203,2019-12-03,18,31,32,38,48,4,12,0,48061132
20191206,2019-12-06,1,3,27,39,46,1,10,0,17000000
20191210,2019-12-10,2,10,19,21,47,2,8,0,25800035
20191213,2019-12-13,9,16,18,23,32,2,10,0,39409788
20191217,2019-12-17,1,7,12,25,49,6,9,0,48949099
20191220,2019-12-20,8,24,30,32,34,3,4,0,17000000
20191224,2019-12-24,3,11,13,14,47,3,6,0,27481033
20191227,2019-12-27,1,7,22,26,35,5,10,0,38682870
20191231,2019-12-31,26,31,33,41,48,2,4,0,52720345
20200103,2020-01-03,5,15,20,36,47,8,12,0,64992459
20200107,2020-01-07,5,8,12,37,43,6,11,0,75337663
20200110,2020-01-10,6,17,32,44,46,2,6,0,84145912
20200114,2020-01-14,21,25,29,39,44,8,9,0,91228644
20200117,2020-01-17,8,19,20,29,44,3,8,0,100779289
20200121,2020-01-21,10,11,24,36,46,3,5,0,17000000
20200124,2020-01-24,3,4,6,9,24,5,8,0,28601720
20200128,2020-01-28,1,19,27,31,38,4,5,0,17000000
20200131,2020-01-31,13,18,20,23,30,2,4,0,28934315
20200204,2020-02-04,21,23,33,35,47,6,7,0,40857417
20200207,2020-02-07,9,15,17,25,40,3,9,0,130000000
20200211,2020-02-11,24,26,32,43,46,6,10,0,17000000
20200214,2020-02-14,5,20,35,41,49,6,10,0,17000000
20200218,2020-02-18,11,32,34,38,47,2,10,0,27039366
20200221,2020-02-21,7,23,30,32,45,5,9,0,41085850
20200225,2020-02-25,1,4,18,27,42,4,6,0,51940006
20200228,2020-02-28,8,11,20,22,23,3,4,0,67084644
20200303,2020-03-03,4,14,27,44,45,1,10,0,17000000
20200306,2020-03-06,15,38,43,45,46,1,11,0,30399605
20200310,2020-03-10,11,23,30,37,43,5,12,0,40555593
20200313,2020-03-13,3,11,21,27,36,9,10,0,55850379
20200317,2020-03-17,5,7,8,16,20,2,12,0,63600033
20200320,2020-03-20,3,9,20,34,40,6,12,0,17000000
20200324,2020-03-24,7,12,26,30,33,10,11,0,17000000
20200327,2020-03-27,11,14,27,41,46,2,3,0,24704307
20200331,2020-03-31,12,17,24,30,36,1,9,0,30777246
20200403,2020-04-03,16,19,34,46,50,2,6,0,39141320
20200407,2020-04-07,4,5,14,33,48,7,12,0,45796215
20200410,2020-04-10,3,10,17,33,39,1,4,0,53434751
20200414,2020-04-14,6,29,34,35,40,4,11,0,59184725
20200417,2020-04-17,16,28,32,37,45,1,11,0,67188313
20200421,2020-04-21,10,11,14,23,28,6,8,0,17000000
20200424,2020-04-24,1,5,19,21,28,4,7,0,25497940
20200428,2020-04-28,15,23,26,28,32,1,5,0,32299012
20200501,2020-05-01,19,20,38,45,47,2,6,0,41201741
20200505,2020-05-05,2,10,22,27,41,2,3,0,48838406
20200508,2020-05-08,8,25,32,33,38,7,9,0,57015368
20200512,2020-05-12,9,16,29,37,39,4,11,0,63861474
20200515,2020-05-15,11,23,32,34,39,1,6,0,72969058
20200519,2020-05-19,5,25,32,37,43,6,7,0,17000000
20200522,2020-05-22,3,18,22,27,32,2,7,0,28245446
20200526,2020-05-26,4,9,14,21,27,4,6,0,37143480
20200529,2020-05-29,4,8,11,19,46,4,8,0,17000000
20200602,2020-06-02,10,12,22,26,49,7,11,0,17000000
20200605,2020-06-05,5,11,17,24,37,3,6,0,29131137
20200609,2020-06-09,5,15,27,36,46,2,8,0,38666415
20200612,2020-06-12,2,24,39,45,46,4,8,0,51583717
20200616,2020-06-16,4,9,11,17,39,2,10,0,17000000
20200619,2020-06-19,5,14,19,24,43,3,11,0,29065639
20200623,2020-06-23,2,12,19,46,49,1,8,0,38429546
20200626,2020-06-26,1,10,12,21,26,5,11,0,51471751
20200630,2020-06-30,1,6,11,28,42,2,10,0,62297693
20200703,2020-07-03,4,16,27,37,39,3,6,0,130000000
20200707,2020-07-07,12,16,23,33,41,8,10,0,144542315
20200710,2020-07-10,15,17,23,30,38,2,7,0,17000000
20200714,2020-07-14,11,22,30,37,47,9,10,0,26440749
20200717,2020-07-17,7,15,27,41,43,7,9,0,39348808
20200721,2020-07-21,14,15,24,29,42,2,4,0,49564587
20200724,2020-07-24,8,9,27,28,50,4,12,0,17000000
20200728,2020-07-28,9,13,15,17,34,2,7,0,26261754
20200731,2020-07-31,21,24,30,46,49,2,5,0,38953665
20200804,2020-08-04,1,2,5,15,42,5,8,0,49112673
20200807,2020-08-07,5,20,21,36,41,6,11,0,64058391
20200811,2020-08-11,8,13,14,42,50,3,9,0,73494414
20200814,2020-08-14,9,10,19,42,49,4,12,0,86162555
20200818,2020-08-18,6,12,17,34,42,5,12,0,96747721
20200821,2020-08-21,10,15,35,44,50,3,5,0,111858946
20200825,2020-08-25,7,18,30,37,39,8,10,0,125020060
20200828,2020-08-28,7,12,16,17,31,7,9,0,142306851
20200901,2020-09-01,4,8,10,33,46,8,11,0,157170843
20200904,2020-09-04,6,22,29,40,43,4,7,0,17000000
20200908,2020-09-08,2,9,31,35,41,9,12,0,27031840
20200911,2020-09-11,34,38,42,43,45,9,12,0,40532810
20200915,2020-09-15,16,20,25,30,38,6,8,0,51364535
20200918,2020-09-18,2,10,19,25,45,1,7,0,67276035
20200922,2020-09-22,16,25,28,39,40,1,6,0,77251357
20200925,2020-09-25,19,23,34,37,45,1,7,0,130000000
20200929,2020-09-29,4,14,16,41,44,11,12,0,17000000
20201002,2020-10-02,6,12,15,40,45,3,9,0,30627859
20201006,2020-10-06,4,21,36,41,47,9,11,0,17000000
20201009,2020-10-09,11,15,35,41,50,5,8,0,30301316
20201013,2020-10-13,5,14,38,41,46,1,10,0,40315607
20201016,2020-10-16,15,33,38,40,50,3,6,0,54453448
20201020,2020-10-20,5,6,15,37,42,3,4,0,65338543
20201023,2020-10-23,10,15,19,21,23,3,12,0,77965255
20201027,2020-10-27,13,15,28,32,44,3,12,0,87757466
20201030,2020-10-30,12,16,20,21,28,3,9,0,17000000
20201103,2020-11-03,5,7,18,20,30,6,7,0,26511570
20201106,2020-11-06,7,12,37,40,50,1,2,0,39829739
20201110,2020-11-10,3,19,29,32,38,5,12,0,50553655
20201113,2020-11-13,1,5,17,28,31,1,10,0,67599950
20201117,2020-11-17,16,19,25,30,44,2,6,0,77412811
20201120,2020-11-20,28,29,39,48,50,5,7,0,130000000
20201124,2020-11-24,25,33,38,42,50,8,12,0,144228546
20201127,2020-11-27,2,5,8,14,16,8,9,0,163105527
20201201,2020-12-01,14,20,29,47,49,4,12,0,178983729
20201204,2020-12-04,14,20,27,34,38,1,11,0,200000000
20201208,2020-12-08,1,4,21,24,46,2,12,0,200000000
20201211,2020-12-11,6,9,13,24,41,3,12,0,200000000
20201215,2020-12-15,9,13,21,29,35,1,2,0,17000000
20201218,2020-12-18,2,3,13,17,21,7,8,0,31733127
20201222,2020-12-22,2,10,16,42,50,4,11,0,43704037
20201225,2020-12-25,16,21,27,30,32,3,5,0,17000000
20201229,2020-12-29,7,32,39,40,45,3,8,0,28138113
20210101,2021-01-01,16,28,32,44,48,1,9,0,44958140
20210105,2021-01-05,12,34,37,38,42,1,3,0,17000000
20210108,2021-01-08,18,23,37,41,42,4,6,0,30824040
20210112,2021-01-12,2,10,18,34,35,6,9,0,41607178
20210115,2021-01-15,4,10,27,38,40,3,11,0,56331898
20210119,2021-01-19,25,27,31,35,43,5,6,0,67733808
20210122,2021-01-22,8,16,42,44,47,6,7,0,80566353
20210126,2021-01-26,5,7,25,37,40,2,8,0,17000000
20210129,2021-01-29,1,5,27,36,42,1,6,0,30681161
20210202,2021-02-02,18,20,35,38,48,9,12,0,41721143
20210205,2021-02-05,12,19,37,44,45,2,6,0,130000000
20210209,2021-02-09,5,10,24,31,37,9,10,0,145042671
20210212,2021-02-12,7,23,30,32,36,8,12,0,164677184
20210216,2021-02-16,5,9,25,29,30,6,7,0,180847515
20210219,2021-02-19,4,12,25,46,48,7,12,0,206564757
20210223,2021-02-23,9,18,30,39,45,1,3,0,210000000
20210226,2021-02-26,6,12,22,29,33,6,11,0,210000000
20210302,2021-03-02,2,19,24,26,49,6,7,0,17000000
20210305,2021-03-05,4,5,39,46,48,7,10,0,32402008
20210309,2021-03-09,1,16,21,32,33,11,12,0,44153103
20210312,2021-03-12,4,6,9,11,44,10,11,0,60764885
20210316,2021-03-16,23,25,32,35,47,2,6,0,73410604
20210319,2021-03-19,3,9,35,43,44,1,10,0,87587639
20210323,2021-03-23,2,26,29,36,49,3,9,0,99009615
20210326,2021-03-26,10,12,37,49,50,3,8,0,115321837
20210330,2021-03-30,24,27,28,29,42,4,8,0,128213947
20210402,2021-04-02,4,21,34,40,47,2,5,0,144755907
20210406,2021-04-06,2,21,37,38,50,7,8,0,17000000
20210409,2021-04-09,2,8,32,35,44,8,11,0,31216341
20210413,2021-04-13,16,20,31,47,50,2,8,0,42155143
20210416,2021-04-16,6,11,29,40,48,5,9,0,56913174
20210420,2021-04-20,5,17,28,41,46,10,11,0,68414615
20210423,2021-04-23,3,14,15,19,29,2,8,0,17000000
20210427,2021-04-27,13,14,24,35,49,1,10,0,27232271
20210430,2021-04-30,1,16,24,28,46,2,11,0,43409687
20210504,2021-05-04,3,10,13,28,46,4,11,0,54222329
20210507,2021-05-07,14,22,33,38,47,8,9,0,69463976
20210511,2021-05-11,14,25,34,43,46,5,6,0,17000000
20210514,2021-05-14,6,16,18,29,38,6,11,0,30241215
20210518,2021-05-18,5,13,38,39,40,4,12,0,40625089
20210521,2021-05-21,2,9,13,15,35,3,10,0,54934280
20210525,2021-05-25,1,21,26,30,38,2,8,0,65838496
20210528,2021-05-28,11,13,16,34,40,1,12,0,78620802
20210601,2021-06-01,3,10,26,35,44,6,7,0,88760288
20210604,2021-06-04,7,20,36,40,46,2,4,0,130000000
20210608,2021-06-08,2,11,26,36,47,7,9,0,17000000
20210611,2021-06-11,9,17,21,33,39,7,11,0,30382655
20210615,2021-06-15,11,21,26,30,31,2,3,0,17000000
20210618,2021-06-18,11,20,27,30,41,3,5,0,29998047
20210622,2021-06-22,6,24,26,27,41,3,8,0,39918304
20210625,2021-06-25,1,29,30,33,36,3,12,0,53683594
20210629,2021-06-29,6,12,20,24,48,5,6,0,64340127
20210702,2021-07-02,9,14,29,38,49,7,10,0,77959528
20210706,2021-07-06,2,5,21,27,42,9,11,0,17000000
20210709,2021-07-09,6,19,36,37,49,4,11,0,17000000
20210713,2021-07-13,5,6,8,11,22,3,4,0,26482986
20210716,2021-07-16,5,16,42,47,49,3,11,0,17000000
20210720,2021-07-20,3,12,19,41,48,6,9,0,26211196
20210723,2021-07-23,23,24,26,34,50,2,4,0,38825770
20210727,2021-07-27,5,9,19,21,25,10,12,0,48844837
20210730,2021-07-30,10,23,33,35,37,5,10,0,62793085
20210803,2021-08-03,17,21,23,45,46,7,11,0,72123753
20210806,2021-08-06,7,14,21,26,32,4,12,0,84880433
20210810,2021-08-10,9,37,47,48,49,2,7,0,95302087
20210813,2021-08-13,6,12,44,47,49,8,12,0,113156128
20210817,2021-08-17,12,31,41,42,47,4,6,0,17000000
20210820,2021-08-20,3,9,19,20,23,9,11,0,29593864
20210824,2021-08-24,19,21,36,44,50,3,10,0,39413483
20210827,2021-08-27,2,3,31,46,50,8,12,0,53070091
20210831,2021-08-31,5,13,17,32,43,2,10,0,63644286
20210903,2021-09-03,5,7,13,29,35,3,7,0,17000000
20210907,2021-09-07,7,19,35,42,43,7,9,0,26572332
20210910,2021-09-10,1,6,7,18,28,2,8,0,17000000
20210914,2021-09-14,12,18,35,38,45,2,8,0,26452496
20210917,2021-09-17,5,7,8,10,34,1,9,0,39791600
20210921,2021-09-21,20,25,26,30,38,2,8,0,50323000
20210924,2021-09-24,2,12,20,27,41,10,12,0,130000000
20210928,2021-09-28,6,7,12,33,39,1,7,0,144513199
20211001,2021-10-01,1,15,19,26,48,6,12,0,164139268
20211005,2021-10-05,11,13,14,36,45,7,9,0,180775500
20211008,2021-10-08,1,10,23,42,46,3,5,0,204959523
20211012,2021-10-12,6,13,22,45,49,10,11,0,220000000
20211015,2021-10-15,21,26,31,34,49,2,5,0,220000000
20211019,2021-10-19,4,20,36,40,41,1,6,0,17000000
20211022,2021-10-22,12,17,22,33,39,2,12,0,30765413
20211026,2021-10-26,12,15,20,42,44,1,2,0,41218951
20211029,2021-10-29,10,15,28,32,49,3,9,0,56130474
20211102,2021-11-02,2,3,17,29,43,1,4,0,67114273
20211105,2021-11-05,2,12,25,30,41,8,11,0,80098420
20211109,2021-11-09,17,25,26,33,36,1,8,0,90574742
20211112,2021-11-12,2,9,15,47,50,6,9,0,104804310
20211116,2021-11-16,9,19,21,32,36,3,4,0,116414664
20211119,2021-11-19,22,26,38,47,50,2,6,0,132310193
20211123,2021-11-23,17,21,36,42,46,7,10,0,145091098
20211126,2021-11-26,1,20,41,42,50,3,7,0,162289050
20211130,2021-11-30,19,20,26,33,43,1,4,0,17000000
20211203,2021-12-03,21,22,29,32,46,9,10,0,130000000
20211207,2021-12-07,22,31,38,46,47,7,11,0,143469842
20211210,2021-12-10,11,21,33,38,42,2,8,0,17000000
20211214,2021-12-14,19,21,37,47,48,3,6,0,27297367
20211217,2021-12-17,1,2,15,30,35,2,7,0,41402488
20211221,2021-12-21,12,17,21,34,38,2,3,0,52678478
20211224,2021-12-24,2,26,28,34,41,5,10,0,69443074
20211228,2021-12-28,4,6,15,17,29,9,12,0,79411191
20211231,2021-12-31,7,22,25,43,49,6,7,0,17571602
20220104,2022-01-04,18,28,35,36,41,6,11,0,17000000
20220107,2022-01-07,2,14,37,44,50,7,11,0,30434021
20220111,2022-01-11,4,23,32,33,44,9,12,0,41198749
20220114,2022-01-14,6,17,25,31,46,9,12,0,55802638
20220118,2022-01-18,3,12,19,24,30,2,5,0,67441797
20220121,2022-01-21,5,14,35,36,39,7,12,0,26158375
20220125,2022-01-25,6,16,18,39,47,2,4,0,36602485
20220128,2022-01-28,10,25,29,34,45,9,10,0,51355483
20220201,2022-02-01,1,19,36,38,49,6,9,0,62918725
20220204,2022-02-04,3,25,38,43,49,3,7,0,130000000
20220208,2022-02-08,6,20,34,37,43,7,10,0,17000000
20220211,2022-02-11,13,18,38,42,45,7,11,0,30928078
20220215,2022-02-15,9,20,31,33,44,2,12,0,17000000
20220218,2022-02-18,25,38,41,43,50,6,10,0,30386297
20220222,2022-02-22,5,9,14,26,32,3,7,0,40960814
20220225,2022-02-25,10,13,24,30,42,1,5,0,55111352
20220301,2022-03-01,8,24,26,39,42,3,5,0,65887876
20220304,2022-03-04,6,20,40,42,43,10,12,0,78587957
20220308,2022-03-08,12,18,21,25,31,2,9,0,17000000
20220311,2022-03-11,12,19,22,23,48,2,6,0,30105266
20220315,2022-03-15,1,2,12,19,26,2,8,0,40030704
20220318,2022-03-18,1,9,14,17,43,6,12,0,53651194
20220322,2022-03-22,7,17,21,29,40,8,11,0,17000000
20220325,2022-03-25,6,10,24,27,29,5,12,0,30608285
20220329,2022-03-29,8,11,33,42,43,6,11,0,40310864
20220401,2022-04-01,2,7,21,31,45,4,10,0,54338154
20220405,2022-04-05,1,11,13,24,49,5,6,0,64950730
20220408,2022-04-08,1,15,16,38,45,4,11,0,77113731
20220412,2022-04-12,21,30,31,35,47,2,10,0,86707525
20220415,2022-04-15,6,24,30,32,48,5,6,0,99284232
20220419,2022-04-19,2,12,17,28,46,6,10,0,109726011
20220422,2022-04-22,6,11,21,35,36,1,9,0,125443189
20220426,2022-04-26,4,25,28,34,45,8,11,0,138997634
20220429,2022-04-29,10,11,20,36,37,3,7,0,158670926
20220503,2022-05-03,8,20,26,47,48,3,8,0,174025283
20220506,2022-05-06,3,8,18,24,40,3,11,0,195426739
20220510,2022-05-10,3,25,27,28,29,4,9,0,215840341
20220513,2022-05-13,3,11,17,45,48,4,8,0,17000000
20220517,2022-05-17,5,28,30,48,49,5,11,0,26854990
20220520,2022-05-20,8,22,23,32,50,3,9,0,40361205
20220524,2022-05-24,10,13,27,36,37,2,10,0,50656220
20220527,2022-05-27,15,23,28,34,48,3,5,0,17000000
20220531,2022-05-31,3,10,13,42,49,3,9,0,26862123
20220603,2022-06-03,12,28,29,34,48,9,11,0,40193759
20220607,2022-06-07,6,16,17,25,31,2,6,0,50425091
20220610,2022-06-10,17,26,36,37,40,9,12,0,64382899
20220614,2022-06-14,2,7,27,34,40,3,11,0,17000000
20220617,2022-06-17,19,21,22,31,38,7,11,0,130000000
20220621,2022-06-21,6,23,36,39,47,8,10,0,143671414
20220624,2022-06-24,10,17,28,44,50,8,12,0,161066308
20220628,2022-06-28,10,35,42,47,48,2,11,0,175942220
20220701,2022-07-01,6,18,24,34,46,3,12,0,196414962
20220705,2022-07-05,7,10,25,45,48,3,6,0,215357108
20220708,2022-07-08,28,31,35,43,46,4,7,0,230000000
20220712,2022-07-12,14,18,24,25,50,6,11,0,230000000
20220715,2022-07-15,9,17,29,38,39,7,10,0,230000000
20220719,2022-07-19,6,23,27,40,41,2,12,0,230000000
20220722,2022-07-22,16,18,29,32,50,4,11,0,17000000
20220726,2022-07-26,3,5,17,25,27,1,9,0,27478522
20220729,2022-07-29,3,23,38,43,48,3,8,0,41717625
20220802,2022-08-02,7,18,28,40,48,8,11,0,17000000
20220805,2022-08-05,3,29,33,35,44,8,10,0,30356111
20220809,2022-08-09,18,19,21,27,47,5,11,0,40859540
20220812,2022-08-12,14,17,34,35,42,6,10,0,54932236
20220816,2022-08-16,10,14,25,32,39,7,8,0,65542062
20220819,2022-08-19,2,9,13,19,38,2,6,0,77782771
20220823,2022-08-23,19,26,31,39,48,2,3,0,87739478
20220826,2022-08-26,22,23,25,38,44,11,12,0,101607332
20220830,2022-08-30,4,6,10,15,19,1,4,0,112909220
20220902,2022-09-02,7,12,13,20,45,3,12,0,128491607
20220906,2022-09-06,7,10,22,29,44,4,5,0,17000000
20220909,2022-09-09,17,23,24,26,27,4,9,0,130000000
20220913,2022-09-13,9,12,15,40,47,1,11,0,143363071
20220916,2022-09-16,10,27,36,45,49,3,4,0,160585356
20220920,2022-09-20,11,21,23,32,48,3,12,0,174393431
20220923,2022-09-23,14,15,22,35,48,3,8,0,193007524
20220927,2022-09-27,4,20,21,34,44,1,3,0,17000000
20220930,2022-09-30,1,2,11,16,26,3,12,0,30779317
20221004,2022-10-04,3,18,28,42,43,3,12,0,41404202
20221007,2022-10-07,26,27,42,45,50,1,12,0,55925603
20221011,2022-10-11,8,23,32,35,40,1,8,0,67271821
20221014,2022-10-14,24,28,29,34,48,3,7,0,79886870
20221018,2022-10-18,3,5,13,42,48,1,6,0,89872400
20221021,2022-10-21,25,26,28,38,40,1,6,0,103645225
20221025,2022-10-25,7,24,34,39,46,1,6,0,115163196
20221028,2022-10-28,14,16,21,28,35,1,11,0,130427867
20221101,2022-11-01,19,37,42,47,48,1,6,0,142364827
20221104,2022-11-04,2,11,37,45,47,2,3,0,160788895
20221108,2022-11-08,3,5,32,33,50,1,8,0,17000000
20221111,2022-11-11,2,19,24,25,44,2,10,0,30268879
20221115,2022-11-15,13,21,24,31,33,1,12,0,40593926
20221118,2022-11-18,13,16,19,35,41,1,11,0,54718416
20221122,2022-11-22,21,22,24,29,42,3,11,0,65446418
20221125,2022-11-25,19,21,35,37,39,2,6,0,77861913
20221129,2022-11-29,15,20,24,35,38,8,12,0,87748883
20221202,2022-12-02,12,21,35,39,45,6,11,0,130000000
20221206,2022-12-06,12,20,25,26,27,8,12,0,142897164
20221209,2022-12-09,8,27,31,46,50,1,3,0,17000000
20221213,2022-12-13,3,9,12,26,30,10,11,0,27040539
20221216,2022-12-16,2,15,19,35,44,2,7,0,40613995
20221220,2022-12-20,1,11,17,20,27,4,5,0,51605931
20221223,2022-12-23,16,17,23,26,35,5,11,0,17000000
20221227,2022-12-27,19,31,33,34,43,3,5,0,26956990
20221230,2022-12-30,17,34,42,47,48,1,9,0,17000000
20230103,2023-01-03,20,21,29,45,46,3,10,0,26981449
20230106,2023-01-06,16,31,35,44,45,4,12,0,40092766
20230110,2023-01-10,11,13,34,40,42,3,10,0,51358215
20230113,2023-01-13,4,13,25,33,37,5,10,0,68825114
20230117,2023-01-17,18,21,30,46,50,2,6,0,17000000
20230120,2023-01-20,3,6,13,40,42,7,11,0,30055348
20230124,2023-01-24,11,27,41,43,47,7,11,0,40135672
20230127,2023-01-27,8,9,15,19,31,10,12,0,54426133
20230131,2023-01-31,7,12,19,33,43,3,7,0,66081021
20230203,2023-02-03,2,14,17,32,45,3,10,0,26903914
20230207,2023-02-07,2,8,34,44,47,3,9,0,37368401
20230210,2023-02-10,3,13,25,36,47,3,8,0,51805568
20230214,2023-02-14,24,26,38,43,46,2,3,0,63133766
20230217,2023-02-17,8,23,27,42,45,1,9,0,78038271
20230221,2023-02-21,21,22,34,41,49,2,7,0,87872368
20230224,2023-02-24,7,23,34,42,48,1,3,0,102242065
20230228,2023-02-28,12,29,33,37,47,5,10,0,17000000
20230303,2023-03-03,3,6,8,24,50,10,11,0,130000000
20230307,2023-03-07,11,13,24,35,50,6,11,0,144966361
20230310,2023-03-10,9,16,37,38,48,2,7,0,17000000
20230314,2023-03-14,16,26,28,31,46,11,12,0,27135288
20230317,2023-03-17,5,15,26,37,49,8,11,0,40979052
20230321,2023-03-21,1,9,20,29,32,2,3,0,51752818
20230324,2023-03-24,5,12,25,36,46,6,10,0,66287741
20230328,2023-03-28,16,21,34,36,44,9,10,0,17000000
20230331,2023-03-31,16,18,28,34,47,5,10,0,30291562
20230404,2023-04-04,10,16,31,33,50,3,8,0,40419101
20230407,2023-04-07,5,26,28,36,46,6,12,0,53926196
20230411,2023-04-11,10,14,16,19,29,2,10,0,64268424
20230414,2023-04-14,4,11,37,44,49,6,7,0,76614030
20230418,2023-04-18,17,21,23,35,37,10,11,0,86295887
20230421,2023-04-21,7,8,18,33,42,2,8,0,101652719
20230425,2023-04-25,10,29,30,40,45,1,12,0,113203135
20230428,2023-04-28,11,13,16,23,34,1,10,0,129017022
20230502,2023-05-02,7,32,44,47,48,7,8,0,141358073
20230505,2023-05-05,3,8,18,34,49,3,7,0,159123225
20230509,2023-05-09,13,17,21,28,46,7,9,0,17000000
20230512,2023-05-12,9,10,13,39,44,4,6,0,30501494
20230516,2023-05-16,4,6,9,14,37,4,11,0,40834212
20230519,2023-05-19,18,27,34,41,49,3,9,0,54581705
20230523,2023-05-23,5,6,14,23,34,2,11,0,65331075
20230526,2023-05-26,15,25,37,38,41,1,7,0,77603769
20230530,2023-05-30,27,29,32,33,47,2,8,0,87066382
20230602,2023-06-02,3,12,15,25,43,10,11,0,130000000
20230606,2023-06-06,13,21,32,39,50,2,10,0,17000000
20230609,2023-06-09,18,26,36,41,50,11,12,0,29999077
20230613,2023-06-13,15,16,21,41,50,5,6,0,39998137
20230616,2023-06-16,7,26,34,41,44,9,11,0,53695272
20230620,2023-06-20,11,17,28,32,35,5,6,0,64343648
20230623,2023-06-23,1,3,11,33,46,10,11,0,17000000
20230627,2023-06-27,17,22,23,27,44,1,7,0,26366576
20230630,2023-06-30,1,6,25,29,36,7,10,0,39350951
20230704,2023-07-04,14,17,23,36,44,2,8,0,49799831
20230707,2023-07-07,2,11,12,19,38,4,8,0,63819633
20230711,2023-07-11,2,11,28,42,48,4,9,0,73242322
20230714,2023-07-14,5,8,29,35,48,5,6,0,17000000
20230718,2023-07-18,4,12,34,35,45,1,9,0,26319523
20230721,2023-07-21,7,31,33,35,36,7,10,0,38938247
20230725,2023-07-25,5,7,11,27,37,6,12,0,48942250
20230728,2023-07-28,7,32,33,34,38,6,9,0,62712326
20230801,2023-08-01,25,27,35,40,45,7,11,0,72144196
20230804,2023-08-04,15,20,31,44,48,1,3,0,17000000
20230808,2023-08-08,8,9,33,35,40,3,6,0,26419369
20230811,2023-08-11,4,6,10,13,34,3,5,0,39046910
20230815,2023-08-15,3,5,9,32,43,6,10,0,48439436
20230818,2023-08-18,23,25,30,44,47,9,12,0,61993456
20230822,2023-08-22,2,9,23,32,40,6,7,0,71241834
20230825,2023-08-25,16,17,34,35,44,5,10,0,83895709
20230829,2023-08-29,21,23,32,40,49,8,11,0,94132132
20230901,2023-09-01,4,5,35,37,43,5,6,0,109268140
20230905,2023-09-05,1,7,24,41,48,10,12,0,17000000
20230908,2023-09-08,10,20,21,26,33,3,4,0,29856760
20230912,2023-09-12,5,14,36,40,42,2,11,0,39749427
20230915,2023-09-15,12,14,21,45,48,8,11,0,54951738
20230919,2023-09-19,10,15,31,41,42,2,5,0,17000000
20230922,2023-09-22,3,23,24,34,35,5,8,0,30052281
20230926,2023-09-26,2,6,14,19,23,5,7,0,40110282
20230929,2023-09-29,9,11,13,21,32,2,7,0,130000000
20231003,2023-10-03,6,20,22,24,45,4,5,0,17000000
20231006,2023-10-06,21,29,31,34,43,2,9,0,30163856
20231010,2023-10-10,18,20,22,33,43,3,9,0,40033037
20231013,2023-10-13,21,26,28,40,41,2,4,0,56657304
20231017,2023-10-17,10,17,20,35,40,3,4,0,67318140
20231020,2023-10-20,2,20,28,40,45,1,5,0,17000000
20231024,2023-10-24,8,16,18,31,34,6,9,0,26274769
20231027,2023-10-27,29,33,35,48,49,3,8,0,17000000
20231031,2023-10-31,5,7,20,40,50,2,10,0,17000000
20231103,2023-11-03,8,21,31,39,47,5,9,0,31218086
20231107,2023-11-07,8,10,11,30,39,4,10,0,17000000
20231110,2023-11-10,10,21,30,38,42,2,12,0,29442596
20231114,2023-11-14,13,16,36,44,50,3,5,0,38766955
20231117,2023-11-17,2,24,26,46,50,2,7,0,51871164
20231121,2023-11-21,19,29,34,46,47,2,3,0,61945882
20231124,2023-11-24,15,20,29,39,48,1,7,0,73689177
20231128,2023-11-28,12,16,27,33,44,7,8,0,83068817
20231201,2023-12-01,4,10,14,38,50,9,12,0,200000000
20231205,2023-12-05,4,6,20,24,25,5,9,0,218859088
20231208,2023-12-08,17,30,42,48,50,4,8,0,240000000
20231212,2023-12-12,6,28,37,39,43,9,12,0,17000000
20231215,2023-12-15,2,13,37,38,48,5,9,0,30315474
20231219,2023-12-19,10,20,41,43,45,2,12,0,40468227
20231222,2023-12-22,6,14,34,44,49,4,12,0,55662868
20231226,2023-12-26,8,27,30,35,47,9,10,0,17000000
20231229,2023-12-29,2,3,19,36,37,6,9,0,30547317
20240102,2024-01-02,7,15,18,46,49,10,12,0,40104043
20240105,2024-01-05,4,7,18,39,50,3,8,0,53860693
20240109,2024-01-09,2,9,12,39,40,1,3,0,64655930
20240112,2024-01-12,16,17,18,45,49,9,12,0,78232869
20240116,2024-01-16,10,18,21,33,45,8,12,0,87952574
20240119,2024-01-19,27,28,44,48,50,7,12,0,17000000
20240123,2024-01-23,14,23,39,48,50,3,12,0,17000000
20240126,2024-01-26,8,19,32,41,42,9,12,0,130000000
20240130,2024-01-30,5,10,19,27,30,5,6,0,144549616
20240202,2024-02-02,13,20,23,27,42,5,9,0,17000000
20240206,2024-02-06,2,7,21,28,45,5,11,0,26671243
20240209,2024-02-09,23,24,35,37,45,9,12,0,39863292
20240213,2024-02-13,13,17,18,20,46,4,9,0,50200268
20240216,2024-02-16,8,13,14,24,26,1,2,0,64205788
20240220,2024-02-20,23,31,37,42,48,3,7,0,73448160
20240223,2024-02-23,24,27,28,30,49,1,12,0,17000000
20240227,2024-02-27,3,4,9,12,20,5,6,0,26481832
20240301,2024-03-01,4,7,19,20,34,2,4,0,39478163
20240305,2024-03-05,2,15,17,23,36,3,8,0,49724673
20240308,2024-03-08,8,11,12,16,44,4,7,0,63706419
20240312,2024-03-12,13,19,30,38,46,4,12,0,72905622
20240315,2024-03-15,1,4,31,34,40,4,5,0,130000000
20240319,2024-03-19,7,16,18,20,32,1,3,0,17000000
20240322,2024-03-22,8,11,23,32,44,9,10,0,29416867
20240326,2024-03-26,2,13,14,26,29,5,6,0,38982717
20240329,2024-03-29,16,17,35,36,49,1,10,0,52158877
20240402,2024-04-02,1,23,31,36,48,5,8,0,61841233
20240405,2024-04-05,13,18,26,35,37,8,11,0,73573473
20240409,2024-04-09,19,23,26,27,46,2,10,0,82919693
20240412,2024-04-12,2,3,12,16,45,2,11,0,95455077
20240416,2024-04-16,22,29,31,39,46,3,7,0,106321540
20240419,2024-04-19,10,20,40,44,46,1,3,0,121428317
20240423,2024-04-23,6,9,11,32,49,2,10,0,133997921
20240426,2024-04-26,2,20,39,40,47,4,8,0,152030614
20240430,2024-04-30,13,22,24,33,47,1,5,0,166790050
20240503,2024-05-03,6,9,10,30,49,3,4,0,17000000
20240507,2024-05-07,35,36,41,42,45,6,11,0,26436748
20240510,2024-05-10,13,28,29,44,48,4,12,0,38735491
20240514,2024-05-14,2,8,17,28,35,7,9,0,48748900
20240517,2024-05-17,18,31,32,41,46,1,10,0,17000000
20240521,2024-05-21,11,13,14,34,48,7,9,0,25835023
20240524,2024-05-24,9,12,18,22,50,1,3,0,38150341
20240528,2024-05-28,16,18,35,36,41,6,7,0,47755445
20240531,2024-05-31,4,7,16,33,34,7,8,0,61212842
20240604,2024-06-04,6,7,9,14,43,3,4,0,70207869
20240607,2024-06-07,15,16,26,30,37,5,8,0,130000000
20240611,2024-06-11,7,15,34,45,48,7,9,0,143550510
20240614,2024-06-14,2,13,16,24,32,1,7,0,161234811
20240618,2024-06-18,3,11,33,34,36,1,12,0,176125264
20240621,2024-06-21,3,4,7,11,17,3,12,0,195721466
20240625,2024-06-25,14,16,37,45,49,5,7,0,213887390
20240628,2024-06-28,10,16,18,22,35,1,10,0,17000000
20240702,2024-07-02,2,7,34,35,46,6,8,0,26534528
20240705,2024-07-05,11,13,29,31,47,1,11,0,39132032
20240709,2024-07-09,6,15,19,28,39,7,11,0,17000000
20240712,2024-07-12,12,18,24,25,39,8,10,0,29128125
20240716,2024-07-16,2,32,35,36,39,7,8,0,38567424
20240719,2024-07-19,15,22,35,44,48,6,7,0,52363998
20240723,2024-07-23,4,8,10,16,34,4,8,0,17000000
20240726,2024-07-26,4,19,23,35,37,4,8,0,28649442
20240730,2024-07-30,9,25,28,37,38,2,8,0,17000000
20240802,2024-08-02,5,7,12,33,46,3,12,0,28776998
20240806,2024-08-06,1,18,27,41,50,2,12,0,38085988
20240809,2024-08-09,21,23,25,33,44,4,10,0,50649440
20240813,2024-08-13,15,16,39,40,47,1,6,0,60887191
20240816,2024-08-16,15,17,29,45,49,1,10,0,72769716
20240820,2024-08-20,7,10,13,18,26,3,12,0,81964326
20240823,2024-08-23,9,15,24,47,50,8,9,0,94498718
20240827,2024-08-27,1,8,11,42,47,4,11,0,104936241
20240830,2024-08-30,3,24,27,33,42,4,6,0,119772690
20240903,2024-09-03,7,9,11,16,45,2,5,0,132447715
20240906,2024-09-06,12,14,34,41,47,3,4,0,149017789
20240910,2024-09-10,6,29,46,47,48,2,9,0,17000000
20240913,2024-09-13,10,15,17,31,42,4,12,0,31511704
20240917,2024-09-17,20,30,32,41,44,1,10,0,41391923
20240920,2024-09-20,16,25,29,34,37,3,7,0,54712555
20240924,2024-09-24,18,20,21,36,49,3,5,0,65337927
20240927,2024-09-27,7,20,21,27,38,5,12,0,130000000
20241001,2024-10-01,8,22,29,41,42,9,11,0,143969599
20241004,2024-10-04,4,8,16,17,20,1,6,0,162256512
20241008,2024-10-08,7,14,19,34,40,6,8,0,17000000
20241011,2024-10-11,16,23,32,46,49,4,5,0,29821152
20241015,2024-10-15,2,15,32,36,48,3,9,0,39530015
20241018,2024-10-18,4,15,23,30,39,1,12,0,53040810
20241022,2024-10-22,3,13,27,30,46,1,2,0,63353583
20241025,2024-10-25,4,17,20,25,45,8,9,0,76313062
20241029,2024-10-29,1,2,19,30,45,10,12,0,85747959
20241101,2024-11-01,7,33,38,44,50,2,7,0,98005009
20241105,2024-11-05,1,8,19,37,50,6,9,0,109544201
20241108,2024-11-08,2,33,35,42,48,1,3,0,124837601
20241112,2024-11-12,10,11,12,22,50,1,10,0,137211026
20241115,2024-11-15,7,8,34,39,44,2,6,0,153801395
20241119,2024-11-19,4,13,20,28,49,7,12,0,167885088
20241122,2024-11-22,10,11,12,29,31,8,11,0,194669133
20241126,2024-11-26,7,11,25,31,40,9,12,0,212448937
20241129,2024-11-29,8,17,18,29,43,5,9,0,17000000
20241203,2024-12-03,23,25,34,46,47,6,8,0,27018617
20241206,2024-12-06,14,25,39,44,47,6,10,0,40367384
20241210,2024-12-10,5,24,25,29,47,5,9,0,50987545
20241213,2024-12-13,1,15,25,42,50,4,10,0,67852509
20241217,2024-12-17,1,3,4,21,29,2,7,0,77557137
20241220,2024-12-20,10,14,21,33,50,6,9,0,17000000
20241224,2024-12-24,6,10,16,23,24,11,12,0,28754036
20241227,2024-12-27,12,22,27,33,45,4,8,0,41205363
20241231,2024-12-31,19,24,26,28,33,8,12,0,17000000
20250103,2025-01-03,3,19,29,35,37,1,9,0,29139979
20250107,2025-01-07,20,33,35,41,47,4,12,0,39138031
20250110,2025-01-10,12,27,36,37,42,6,7,0,52905618
20250114,2025-01-14,18,20,29,41,48,5,9,0,63894652
20250117,2025-01-17,8,15,24,35,42,6,8,0,76208290
20250121,2025-01-21,6,8,14,27,41,4,5,0,85948097
20250124,2025-01-24,2,11,19,30,49,3,8,0,99397573
20250128,2025-01-28,9,37,41,42,49,1,9,0,17000000
20250131,2025-01-31,22,30,41,44,49,2,7,0,29691765
20250204,2025-02-04,3,4,29,39,43,5,10,0,39688311
20250207,2025-02-07,10,23,24,29,45,8,10,0,53335818
20250211,2025-02-11,3,21,36,41,46,1,6,0,64222634
20250214,2025-02-14,4,14,31,36,38,3,10,0,78450739
20250218,2025-02-18,5,14,25,26,40,5,7,0,17000000
20250221,2025-02-21,1,3,11,20,43,2,11,0,29270259
20250225,2025-02-25,17,22,23,24,44,6,11,0,38919455
20250228,2025-02-28,7,16,31,43,46,5,9,0,52448674
20250304,2025-03-04,15,20,29,35,42,2,9,0,17000000
20250307,2025-03-07,6,10,27,32,48,3,8,0,130000000
20250311,2025-03-11,13,36,37,42,47,7,11,0,144588956
20250314,2025-03-14,8,10,33,35,49,2,9,0,163297044
20250318,2025-03-18,4,9,35,46,50,8,11,0,179328993
20250321,2025-03-21,9,17,18,21,50,5,12,0,200584076
20250325,2025-03-25,1,3,18,33,36,2,6,0,220427177
20250328,2025-03-28,10,21,30,42,45,1,9,0,250000000
20250401,2025-04-01,9,24,30,46,49,4,12,0,17000000
20250404,2025-04-04,27,39,41,45,50,5,7,0,30117535
20250408,2025-04-08,3,14,15,48,49,1,7,0,17000000
20250411,2025-04-11,14,28,34,46,49,3,8,0,29653056
20250415,2025-04-15,3,31,33,38,44,6,12,0,39576503
20250418,2025-04-18,20,27,35,39,48,3,8,0,52448887
20250422,2025-04-22,7,28,33,37,47,9,12,0,62465228
20250425,2025-04-25,13,22,32,39,41,1,12,0,74400108
20250429,2025-04-29,2,9,24,30,41,1,11,0,83786487
20250502,2025-05-02,3,5,19,21,49,1,10,0,97254382
20250506,2025-05-06,8,23,24,47,48,4,9,0,108197286
20250509,2025-05-09,15,18,25,29,47,5,9,0,123011264
20250513,2025-05-13,9,19,44,47,50,2,9,0,135332717
20250516,2025-05-16,6,9,25,37,46,6,12,0,151408194
20250520,2025-05-20,1,8,13,29,47,5,6,0,164911120
20250523,2025-05-23,10,29,43,46,49,7,12,0,182346242
20250527,2025-05-27,12,30,38,40,41,4,12,0,198011280
20250530,2025-05-30,4,7,14,33,36,1,5,0,218316096
20250603,2025-06-03,12,15,38,47,48,5,7,0,238816942
20250606,2025-06-06,20,21,29,30,35,2,12,0,250000000
20250610,2025-06-10,19,36,39,40,45,5,6,0,250000000
20250613,2025-06-13,2,28,40,43,45,3,7,0,250000000
20250617,2025-06-17,13,22,23,44,49,3,5,0,250000000
20250620,2025-06-20,5,8,24,37,47,3,9,0,17000000
20250624,2025-06-24,7,16,21,23,39,7,11,0,26938273
20250627,2025-06-27,19,27,36,45,49,7,10,0,40322654
20250701,2025-07-01,1,17,28,32,34,7,8,0,51016731
20250704,2025-07-04,19,29,42,45,48,5,7,0,64874337
20250708,2025-07-08,1,8,9,18,50,1,5,0,74533673
20250711,2025-07-11,8,23,24,45,49,2,10,0,86799585
20250715,2025-07-15,24,38,41,45,49,1,6,0,96858365
20250718,2025-07-18,13,19,25,42,45,2,9,0,111646530
20250722,2025-07-22,8,15,26,33,41,9,10,0,123233143
20250725,2025-07-25,6,7,23,32,36,11,12,0,137766680
20250729,2025-07-29,5,6,42,44,46,4,8,0,150232733
20250801,2025-08-01,4,16,25,29,30,2,10,0,166241768
20250805,2025-08-05,1,3,5,42,47,5,10,0,179818189
20250808,2025-08-08,2,12,19,34,44,6,10,0,197504622
20250812,2025-08-12,18,28,42,46,48,3,9,0,213114756
20250815,2025-08-15,13,30,35,36,40,2,6,0,232174804
20250819,2025-08-19,24,31,34,41,43,6,8,0,250000000
20250822,2025-08-22,6,9,12,30,39,4,10,0,17000000
20250826,2025-08-26,2,14,38,42,45,10,11,0,26800624
20250829,2025-08-29,6,9,10,13,37,1,7,0,40112808
20250902,2025-09-02,13,30,31,32,36,1,12,0,51026993
20250905,2025-09-05,27,30,31,41,43,5,8,0,65278573
20250909,2025-09-09,3,13,24,39,40,2,8,0,17000000
20250912,2025-09-12,5,10,23,31,37,3,11,0,29758912
20250916,2025-09-16,1,9,13,35,40,5,6,0,39929184
20250919,2025-09-19,8,10,26,32,42,9,12,0,53344251
20250923,2025-09-23,11,13,24,29,33,2,5,0,64176450
20250926,2025-09-26,4,17,25,28,44,5,11,0,130000000
20250930,2025-09-30,3,8,15,17,48,2,8,0,17000000
20251003,2025-10-03,6,12,18,25,41,2,6,0,29922038
20251007,2025-10-07,24,39,42,43,48,5,8,0,17000000
20251010,2025-10-10,6,7,17,20,21,1,10,0,29671390
20251014,2025-10-14,5,8,14,16,18,3,10,0,17000000
20251017,2025-10-17,13,35,39,44,47,3,5,0,29398730
20251021,2025-10-21,5,24,29,40,42,6,12,0,39082377
20251024,2025-10-24,7,8,25,31,45,7,12,0,52225106
20251028,2025-10-28,7,8,24,35,49,2,12,0,62577973
20251031,2025-10-31,5,14,38,43,45,7,11,0,75635350
20251104,2025-11-04,6,9,25,28,45,1,4,0,85169986
20251107,2025-11-07,11,21,39,40,43,2,8,0,98027155
20251111,2025-11-11,4,22,32,36,47,2,10,0,108416075
20251114,2025-11-14,9,26,27,45,48,8,9,0,122611491
20251118,2025-11-18,2,4,15,21,48,6,12,0,134404955
20251121,2025-11-21,17,19,29,35,48,5,9,0,149510047
20251125,2025-11-25,6,11,17,35,44,3,7,0,162134413
20251128,2025-11-28,5,29,33,39,42,3,9,0,178656733
20251202,2025-12-02,4,13,14,20,41,6,12,0,17000000
20251205,2025-12-05,9,15,25,34,46,8,12,0,130000000
20251209,2025-12-09,2,8,13,29,49,2,11,0,142433804
20251212,2025-12-12,7,25,30,37,41,5,11,0,17000000
20251216,2025-12-16,14,16,40,41,44,2,10,0,17000000
20251219,2025-12-19,17,21,39,43,44,1,11,0,29984493
20251223,2025-12-23,8,26,27,29,44,11,12,0,41432000
20251226,2025-12-26,12,22,32,36,48,3,4,0,54026007
20251230,2025-12-30,11,26,29,34,44,1,10,0,17000000
20260102,2026-01-02,8,27,42,44,46,1,10,0,30879489
20260106,2026-01-06,5,14,17,18,31,10,12,0,40421786
20260109,2026-01-09,1,7,10,26,34,2,4,0,53787880
20260113,2026-01-13,6,10,18,44,47,2,10,0,64537877
20260116,2026-01-16,5,17,24,29,50,5,10,0,77334734
20260120,2026-01-20,11,18,19,22,50,1,11,0,86841907
20260123,2026-01-23,4,5,13,21,42,3,10,0,99679548
20260127,2026-01-27,4,23,42,43,47,3,9,0,109599909
20260130,2026-01-30,14,18,31,35,46,7,11,0,123555827
20260203,2026-02-03,26,27,28,34,37,4,9,0,17000000
20260206,2026-02-06,10,13,20,23,24,6,11,0,29158205
20260210,2026-02-10,1,17,19,34,42,5,8,0,38673992
20260213,2026-02-13,9,13,31,37,40,6,9,0,53818195
20260217,2026-02-17,1,4,6,10,41,5,12,0,64273805
20260220,2026-02-20,13,24,28,33,35,5,9,0,130000000
20260224,2026-02-24,10,27,40,43,47,6,10,0,142871092
20260227,2026-02-27,14,24,27,39,42,6,10,0,159922317
20260303,2026-03-03,6,7,24,34,50,5,7,0,174135421
20260306,2026-03-06,15,16,19,28,37,6,9,0,192898115
20260310,2026-03-10,12,14,27,44,50,4,12,0,209527211
20260313,2026-03-13,13,17,26,41,48,4,10,0,17000000
20260317,2026-03-17,5,17,28,33,41,3,9,0,26669837
20260320,2026-03-20,5,12,16,37,46,8,10,0,39347116
20260324,2026-03-24,12,16,17,18,27,1,3,0,49282215
20260327,2026-03-27,4,10,43,44,48,2,4,0,62831919
20260331,2026-03-31,5,8,10,33,38,2,7,0,71981309
20260403,2026-04-03,8,27,29,46,49,2,10,0,83409094
20260407,2026-04-07,11,14,19,36,49,6,7,0,92558766
20260410,2026-04-10,10,13,14,38,41,6,9,0,105639575
20260414,2026-04-14,1,2,4,28,44,5,12,0,116712657
20260417,2026-04-17,22,23,28,41,47,6,8,0,132281196
20260421,2026-04-21,13,16,29,40,47,3,4,0,144525198
20260424,2026-04-24,25,26,30,40,45,1,5,0,17000000
20260428,2026-04-28,26,29,41,46,47,8,9,0,26211265
20260501,2026-05-01,3,9,42,46,47,1,11,0,39355091
20260505,2026-05-05,3,4,8,20,31,6,8,0,49453599
20260508,2026-05-08,2,17,19,34,37,8,11,0,62875957
20260512,2026-05-12,4,26,32,35,36,5,7,0,71851521
20260515,2026-05-15,3,10,38,41,43,2,9,0,83287333
20260519,2026-05-19,2,12,20,38,45,2,5,0,92722477
20260522,2026-05-22,6,22,26,31,37,5,8,0,105432709
20260526,2026-05-26,6,23,25,35,37,6,12,0,115489593
20260529,2026-05-29,5,14,18,31,35,2,12,0,129806398
20260602,2026-06-02,6,9,17,18,42,7,9,0,142961067
20260605,2026-06-05,5,6,16,17,49,2,12,0,160606603
20260609,2026-06-09,2,7,23,44,46,3,5,0,174984088
20260612,2026-06-12,4,7,14,22,23,1,7,0,17000000
20260616,2026-06-16,18,25,31,37,45,4,9,0,26335225
20260619,2026-06-19,8,34,39,41,42,2,7,0,38328110
20260623,2026-06-23,3,33,36,45,46,5,6,0,47884520
20260626,2026-06-26,6,16,26,34,35,11,12,0,60301678
20260630,2026-06-30,1,8,37,44,48,2,6,0,68943918
20260703,2026-07-03,2,12,17,25,39,1,2,0,80220498
20260707,2026-07-07,5,29,33,45,47,5,8,0,17000000
20260710,2026-07-10,2,14,28,33,48,8,10,0,28471142
20260714,2026-07-14,10,19,37,42,47,9,12,0,37595911
20260717,2026-07-17,12,21,23,34,40,9,10,0,49675417
20260721,2026-07-21,2,3,8,28,39,2,11,0,59257960
20260724,2026-07-24,8,10,30,36,47,1,4,0,69648921
20260728,2026-07-28,5,7,24,30,49,10,11,0,78058189
20260731,2026-07-31,10,24,25,31,45,4,5,0,89099379
