issue,date,r1,r2,r3,r4,r5,b1,sales,pool
20151007,2015-10-07,18,30,40,48,52,9,0,0
20151010,2015-10-10,12,27,29,43,68,1,0,0
20151014,2015-10-14,15,20,29,31,40,1,0,0
20151017,2015-10-17,48,49,57,62,69,19,0,0
20151021,2015-10-21,30,32,42,56,57,11,0,0
20151024,2015-10-24,20,31,56,60,64,2,0,0
20151028,2015-10-28,4,54,56,62,63,10,0,0
20151031,2015-10-31,9,20,25,47,68,7,0,0
20151104,2015-11-04,2,12,17,20,65,17,0,0
20151107,2015-11-07,7,16,25,50,53,15,0,0
20151111,2015-11-11,4,26,32,55,64,18,0,0
20151114,2015-11-14,14,22,37,45,66,5,0,0
20151118,2015-11-18,17,40,41,46,69,6,0,0
20151121,2015-11-21,37,47,50,52,57,21,0,0
20151125,2015-11-25,16,29,53,58,69,21,0,0
20151128,2015-11-28,2,6,47,66,67,2,0,0
20151202,2015-12-02,14,18,19,32,64,9,0,0
20151205,2015-12-05,13,27,33,47,68,13,0,0
20151209,2015-12-09,7,10,16,46,56,1,0,0
20151212,2015-12-12,2,14,19,30,62,22,0,0
20151216,2015-12-16,9,10,32,42,55,6,0,0
20151219,2015-12-19,28,30,41,59,68,10,0,0
20151223,2015-12-23,16,38,55,63,67,25,0,0
20151226,2015-12-26,27,40,44,59,65,20,0,0
20151230,2015-12-30,12,36,38,54,61,22,0,0
20160102,2016-01-02,5,6,15,29,42,10,0,0
20160106,2016-01-06,2,11,47,62,63,17,0,0
20160109,2016-01-09,16,19,32,34,57,13,0,0
20160113,2016-01-13,4,8,19,27,34,10,0,0
20160116,2016-01-16,3,51,52,61,64,6,0,0
20160120,2016-01-20,5,39,44,47,69,24,0,0
20160123,2016-01-23,22,32,34,40,69,19,0,0
20160127,2016-01-27,3,12,40,52,67,21,0,0
20160130,2016-01-30,5,12,16,31,43,18,0,0
20160203,2016-02-03,26,28,31,60,67,23,0,0
20160206,2016-02-06,4,13,31,36,52,8,0,0
20160210,2016-02-10,2,3,40,50,62,5,0,0
20160213,2016-02-13,7,15,18,19,36,20,0,0
20160217,2016-02-17,7,17,27,29,40,25,0,0
20160220,2016-02-20,11,12,15,16,54,25,0,0
20160224,2016-02-24,21,31,64,65,67,5,0,0
20160227,2016-02-27,10,11,21,22,53,18,0,0
20160302,2016-03-02,12,13,44,52,62,6,0,0
20160305,2016-03-05,3,27,34,59,69,19,0,0
20160309,2016-03-09,14,23,32,34,68,3,0,0
20160312,2016-03-12,11,28,50,57,62,23,0,0
20160316,2016-03-16,10,12,13,46,50,21,0,0
20160319,2016-03-19,11,23,43,54,60,3,0,0
20160323,2016-03-23,5,8,15,22,49,25,0,0
20160326,2016-03-26,11,23,42,52,68,6,0,0
20160330,2016-03-30,24,44,53,55,63,19,0,0
20160402,2016-04-02,9,28,30,40,61,3,0,0
20160406,2016-04-06,4,28,49,60,65,25,0,0
20160409,2016-04-09,14,22,23,41,61,9,0,0
20160413,2016-04-13,30,33,35,38,64,22,0,0
20160416,2016-04-16,3,18,25,32,51,3,0,0
20160420,2016-04-20,12,25,30,52,62,8,0,0
20160423,2016-04-23,19,35,46,59,62,13,0,0
20160427,2016-04-27,2,25,33,39,64,17,0,0
20160430,2016-04-30,3,12,16,32,34,14,0,0
20160504,2016-05-04,30,47,57,66,69,3,0,0
20160507,2016-05-07,5,25,26,44,66,9,0,0
20160511,2016-05-11,20,32,52,66,69,23,0,0
20160514,2016-05-14,13,27,47,64,65,9,0,0
20160518,2016-05-18,23,25,39,54,67,11,0,0
20160521,2016-05-21,5,7,9,23,32,26,0,0
20160525,2016-05-25,11,24,41,59,64,15,0,0
20160528,2016-05-28,6,33,34,58,59,12,0,0
20160601,2016-06-01,23,30,33,40,69,12,0,0
20160604,2016-06-04,16,20,22,43,64,17,0,0
20160608,2016-06-08,12,25,37,60,69,20,0,0
20160611,2016-06-11,20,27,36,41,58,7,0,0
20160615,2016-06-15,4,22,24,31,33,10,0,0
20160618,2016-06-18,2,23,41,53,63,11,0,0
20160622,2016-06-22,14,40,42,43,52,17,0,0
20160625,2016-06-25,3,27,36,56,69,25,0,0
20160629,2016-06-29,23,29,37,60,64,6,0,0
20160702,2016-07-02,10,34,39,59,63,4,0,0
20160706,2016-07-06,2,24,31,57,66,18,0,0
20160709,2016-07-09,10,28,32,61,64,12,0,0
20160713,2016-07-13,3,15,29,54,57,10,0,0
20160716,2016-07-16,11,17,40,50,62,26,0,0
20160720,2016-07-20,6,25,35,58,66,5,0,0
20160723,2016-07-23,5,7,23,35,39,11,0,0
20160727,2016-07-27,10,47,50,65,68,24,0,0
20160730,2016-07-30,11,17,21,23,32,5,0,0
20160803,2016-08-03,9,11,27,66,67,2,0,0
20160806,2016-08-06,20,33,36,47,52,12,0,0
20160810,2016-08-10,23,56,61,64,67,12,0,0
20160813,2016-08-13,38,44,60,64,69,6,0,0
20160817,2016-08-17,33,44,49,50,52,8,0,0
20160820,2016-08-20,3,6,21,60,68,24,0,0
20160824,2016-08-24,9,11,25,64,65,16,0,0
20160827,2016-08-27,4,32,48,49,63,20,0,0
20160831,2016-08-31,5,10,24,56,61,12,0,0
20160903,2016-09-03,7,39,50,59,67,25,0,0
20160907,2016-09-07,22,23,29,33,55,21,0,0
20160910,2016-09-10,3,17,49,55,68,8,0,0
20160914,2016-09-14,10,11,23,28,31,14,0,0
20160917,2016-09-17,9,19,51,55,62,14,0,0
20160921,2016-09-21,1,28,63,67,69,17,0,0
20160924,2016-09-24,7,15,20,29,41,22,0,0
20160928,2016-09-28,30,38,52,53,62,1,0,0
20161001,2016-10-01,2,12,50,61,64,1,0,0
20161005,2016-10-05,8,18,27,29,60,15,0,0
20161008,2016-10-08,3,54,61,64,68,9,0,0
20161012,2016-10-12,16,30,34,37,44,16,0,0
20161015,2016-10-15,23,49,57,64,67,20,0,0
20161019,2016-10-19,10,16,38,43,63,23,0,0
20161022,2016-10-22,1,28,33,55,56,22,0,0
20161026,2016-10-26,2,3,16,48,56,24,0,0
20161029,2016-10-29,19,20,21,42,48,23,0,0
20161102,2016-11-02,13,18,37,54,61,5,0,0
20161105,2016-11-05,21,31,50,51,69,8,0,0
20161109,2016-11-09,1,25,28,31,54,2,0,0
20161112,2016-11-12,8,17,20,27,52,24,0,0
20161116,2016-11-16,28,41,61,63,65,7,0,0
20161119,2016-11-19,16,24,28,43,61,21,0,0
20161123,2016-11-23,7,32,41,47,61,3,0,0
20161126,2016-11-26,17,19,21,37,44,16,0,0
20161130,2016-11-30,3,14,18,25,45,7,0,0
20161203,2016-12-03,8,10,26,27,33,22,0,0
20161207,2016-12-07,41,48,49,53,64,20,0,0
20161210,2016-12-10,12,21,32,44,66,15,0,0
20161214,2016-12-14,18,26,37,39,66,15,0,0
20161217,2016-12-17,1,8,16,40,48,10,0,0
20161221,2016-12-21,25,33,40,54,68,3,0,0
20161224,2016-12-24,28,38,42,51,52,21,0,0
20161228,2016-12-28,16,23,30,44,58,4,0,0
20161231,2016-12-31,1,3,28,57,67,9,0,0
20170104,2017-01-04,16,17,29,41,42,4,0,0
20170107,2017-01-07,3,12,24,37,63,10,0,0
20170111,2017-01-11,1,3,13,16,43,24,0,0
20170114,2017-01-14,23,55,59,64,69,13,0,0
20170118,2017-01-18,9,40,41,53,58,12,0,0
20170121,2017-01-21,23,25,45,52,67,2,0,0
20170125,2017-01-25,18,28,62,66,68,22,0,0
20170128,2017-01-28,12,20,39,49,69,17,0,0
20170201,2017-02-01,9,43,57,60,64,10,0,0
20170204,2017-02-04,6,13,16,17,52,25,0,0
20170208,2017-02-08,14,20,42,49,66,5,0,0
20170211,2017-02-11,5,9,17,37,64,2,0,0
20170215,2017-02-15,5,28,33,38,42,19,0,0
20170218,2017-02-18,3,7,9,31,33,20,0,0
20170222,2017-02-22,10,13,28,52,61,2,0,0
20170225,2017-02-25,6,32,47,62,65,19,0,0
20170301,2017-03-01,10,16,40,52,55,17,0,0
20170304,2017-03-04,2,18,19,22,63,19,0,0
20170308,2017-03-08,23,33,42,46,59,4,0,0
20170311,2017-03-11,1,26,41,50,57,11,0,0
20170315,2017-03-15,16,30,41,48,53,16,0,0
20170318,2017-03-18,13,25,44,54,67,5,0,0
20170322,2017-03-22,2,9,27,29,42,9,0,0
20170325,2017-03-25,18,31,32,45,48,16,0,0
20170329,2017-03-29,8,15,31,36,62,11,0,0
20170401,2017-04-01,9,32,36,44,65,1,0,0
20170405,2017-04-05,8,20,46,53,54,13,0,0
20170408,2017-04-08,23,36,51,53,60,15,0,0
20170412,2017-04-12,8,14,61,63,68,24,0,0
20170415,2017-04-15,5,22,26,45,61,13,0,0
20170419,2017-04-19,1,19,37,40,52,15,0,0
20170422,2017-04-22,21,39,41,48,63,6,0,0
20170426,2017-04-26,1,15,18,26,51,26,0,0
20170429,2017-04-29,22,23,24,45,62,5,0,0
20170503,2017-05-03,17,18,49,59,66,9,0,0
20170506,2017-05-06,11,21,31,41,59,21,0,0
20170510,2017-05-10,29,31,46,56,62,8,0,0
20170513,2017-05-13,17,20,32,63,68,19,0,0
20170517,2017-05-17,4,11,39,45,48,9,0,0
20170520,2017-05-20,5,22,45,47,54,3,0,0
20170524,2017-05-24,28,32,33,38,62,15,0,0
20170527,2017-05-27,5,10,28,55,67,9,0,0
20170531,2017-05-31,4,33,39,46,60,6,0,0
20170603,2017-06-03,3,9,21,41,54,25,0,0
20170607,2017-06-07,5,21,57,66,69,13,0,0
20170614,2017-06-14,5,22,43,57,63,24,0,0
20170617,2017-06-17,10,13,32,53,62,21,0,0
20170621,2017-06-21,14,46,61,65,68,13,0,0
20170624,2017-06-24,10,22,32,36,58,10,0,0
20170628,2017-06-28,29,37,46,53,68,8,0,0
20170701,2017-07-01,19,42,45,48,53,16,0,0
20170705,2017-07-05,4,9,16,54,68,21,0,0
20170708,2017-07-08,8,10,29,40,59,26,0,0
20170712,2017-07-12,1,2,18,23,61,9,0,0
20170715,2017-07-15,9,40,63,64,66,17,0,0
20170719,2017-07-19,50,51,59,61,63,4,0,0
20170722,2017-07-22,5,32,44,53,60,9,0,0
20170726,2017-07-26,7,19,21,42,69,12,0,0
20170729,2017-07-29,1,28,40,45,48,12,0,0
20170802,2017-08-02,1,16,54,63,69,18,0,0
20170805,2017-08-05,11,21,28,33,45,11,0,0
20170809,2017-08-09,12,30,36,47,62,9,0,0
20170812,2017-08-12,20,24,26,35,49,19,0,0
20170816,2017-08-16,9,15,43,60,64,4,0,0
20170819,2017-08-19,17,19,39,43,68,13,0,0
20170823,2017-08-23,6,7,16,23,26,4,0,0
20170826,2017-08-26,7,15,32,38,66,15,0,0
20170830,2017-08-30,19,28,43,67,69,7,0,0
20170902,2017-09-02,6,21,41,52,62,26,0,0
20170906,2017-09-06,8,14,32,58,67,17,0,0
20170909,2017-09-09,6,20,29,57,59,22,0,0
20170913,2017-09-13,17,24,35,57,63,19,0,0
20170916,2017-09-16,17,18,24,25,31,24,0,0
20170920,2017-09-20,39,48,53,67,68,26,0,0
20170923,2017-09-23,24,45,55,56,57,19,0,0
20170927,2017-09-27,8,10,21,23,25,22,0,0
20170930,2017-09-30,8,12,25,41,64,15,0,0
20171004,2017-10-04,22,23,62,63,66,24,0,0
20171007,2017-10-07,10,49,61,63,65,7,0,0
20171011,2017-10-11,1,3,13,19,69,23,0,0
20171014,2017-10-14,32,37,56,66,69,11,0,0
20171018,2017-10-18,30,49,54,66,69,8,0,0
20171021,2017-10-21,14,41,42,45,69,4,0,0
20171025,2017-10-25,18,22,29,54,57,8,0,0
20171028,2017-10-28,27,35,38,57,66,10,0,0
20171101,2017-11-01,3,6,19,26,44,1,0,0
20171104,2017-11-04,12,14,26,48,51,13,0,0
20171108,2017-11-08,12,14,20,21,34,22,0,0
20171111,2017-11-11,4,6,16,30,56,18,0,0
20171115,2017-11-15,23,32,44,48,50,25,0,0
20171118,2017-11-18,17,28,31,32,39,26,0,0
20171122,2017-11-22,35,37,46,51,61,13,0,0
20171125,2017-11-25,8,13,27,53,54,4,0,0
20171129,2017-11-29,24,26,28,59,63,16,0,0
20171202,2017-12-02,28,30,32,36,58,6,0,0
20171206,2017-12-06,19,20,50,55,62,9,0,0
20171209,2017-12-09,25,36,37,55,60,6,0,0
20171213,2017-12-13,2,24,28,51,58,7,0,0
20171216,2017-12-16,9,35,37,50,63,11,0,0
20171220,2017-12-20,1,20,61,64,69,20,0,0
20171223,2017-12-23,1,3,13,15,44,25,0,0
20171227,2017-12-27,3,9,16,56,60,3,0,0
20171230,2017-12-30,28,36,41,51,58,24,0,0
20180103,2018-01-03,2,18,37,39,42,12,0,0
20180106,2018-01-06,12,29,30,33,61,26,0,0
20180110,2018-01-10,7,24,33,49,50,4,0,0
20180113,2018-01-13,14,25,35,58,69,24,0,0
20180117,2018-01-17,3,33,37,51,57,21,0,0
20180120,2018-01-20,26,28,47,49,58,3,0,0
20180124,2018-01-24,5,9,11,33,64,21,0,0
20180127,2018-01-27,17,21,26,47,54,7,0,0
20180131,2018-01-31,4,7,14,46,59,22,0,0
20180203,2018-02-03,15,23,27,48,53,6,0,0
20180207,2018-02-07,23,34,35,40,47,10,0,0
20180210,2018-02-10,1,13,27,41,59,20,0,0
20180214,2018-02-14,37,39,44,46,69,26,0,0
20180217,2018-02-17,13,26,39,44,62,2,0,0
20180221,2018-02-21,7,15,31,34,36,8,0,0
20180224,2018-02-24,24,25,38,62,63,6,0,0
20180228,2018-02-28,12,30,59,65,69,16,0,0
20180303,2018-03-03,13,17,25,36,40,5,0,0
20180307,2018-03-07,6,13,19,36,51,18,0,0
20180310,2018-03-10,43,44,54,61,69,22,0,0
20180314,2018-03-14,6,12,24,41,68,9,0,0
20180317,2018-03-17,22,57,59,60,66,7,0,0
20180321,2018-03-21,3,4,18,29,61,25,0,0
20180324,2018-03-24,10,33,45,53,56,24,0,0
20180328,2018-03-28,6,8,26,52,53,21,0,0
20180331,2018-03-31,8,24,52,55,61,21,0,0
20180404,2018-04-04,8,24,42,54,64,24,0,0
20180407,2018-04-07,2,17,20,38,39,20,0,0
20180411,2018-04-11,16,18,27,55,67,18,0,0
20180414,2018-04-14,17,19,26,61,62,15,0,0
20180418,2018-04-18,9,10,12,17,23,9,0,0
20180421,2018-04-21,40,50,54,62,69,19,0,0
20180425,2018-04-25,17,18,39,56,64,12,0,0
20180428,2018-04-28,20,22,28,45,50,8,0,0
20180502,2018-05-02,5,14,31,40,50,6,0,0
20180505,2018-05-05,14,29,36,57,61,17,0,0
20180509,2018-05-09,11,16,38,50,69,19,0,0
20180512,2018-05-12,22,42,45,55,56,14,0,0
20180516,2018-05-16,17,19,21,22,51,19,0,0
20180519,2018-05-19,3,6,9,17,56,25,0,0
20180523,2018-05-23,20,54,56,61,64,7,0,0
20180526,2018-05-26,1,21,31,45,49,21,0,0
20180530,2018-05-30,17,23,26,46,68,20,0,0
20180602,2018-06-02,23,25,37,44,64,7,0,0
20180606,2018-06-06,23,28,41,53,56,14,0,0
20180609,2018-06-09,6,10,15,25,36,14,0,0
20180613,2018-06-13,13,20,38,45,55,1,0,0
20180616,2018-06-16,9,45,57,58,65,9,0,0
20180620,2018-06-20,4,14,23,27,56,13,0,0
20180623,2018-06-23,16,29,43,45,56,25,0,0
20180627,2018-06-27,7,28,37,62,63,15,0,0
20180630,2018-06-30,3,9,20,42,61,24,0,0
20180704,2018-07-04,4,7,15,41,44,10,0,0
20180707,2018-07-07,1,10,43,45,64,22,0,0
20180711,2018-07-11,19,21,27,46,47,7,0,0
20180714,2018-07-14,22,41,42,49,67,11,0,0
20180718,2018-07-18,1,10,27,28,36,12,0,0
20180721,2018-07-21,9,23,56,58,68,1,0,0
20180725,2018-07-25,2,18,41,44,64,26,0,0
20180728,2018-07-28,22,27,46,56,65,13,0,0
20180801,2018-08-01,5,22,32,38,58,26,0,0
20180804,2018-08-04,3,11,38,44,58,2,0,0
20180808,2018-08-08,10,21,30,43,63,17,0,0
20180811,2018-08-11,5,43,56,62,68,24,0,0
20180815,2018-08-15,12,15,28,47,48,16,0,0
20180818,2018-08-18,24,34,52,61,67,16,0,0
20180822,2018-08-22,1,7,45,47,69,13,0,0
20180825,2018-08-25,20,25,54,57,63,8,0,0
20180829,2018-08-29,25,41,53,57,67,12,0,0
20180901,2018-09-01,11,54,55,61,66,9,0,0
20180905,2018-09-05,6,15,50,59,60,13,0,0
20180908,2018-09-08,3,13,20,32,33,21,0,0
20180912,2018-09-12,6,28,48,63,64,24,0,0
20180915,2018-09-15,2,18,19,24,34,3,0,0
20180919,2018-09-19,4,39,48,50,51,11,0,0
20180922,2018-09-22,24,61,63,64,69,18,0,0
20180926,2018-09-26,1,2,7,30,50,8,0,0
20180929,2018-09-29,9,17,34,59,64,22,0,0
20181003,2018-10-03,41,53,59,63,66,3,0,0
20181006,2018-10-06,1,22,27,53,67,15,0,0
20181010,2018-10-10,8,23,27,42,60,7,0,0
20181013,2018-10-13,11,14,32,43,65,15,0,0
20181017,2018-10-17,3,57,64,68,69,15,0,0
20181020,2018-10-20,16,54,57,62,69,23,0,0
20181024,2018-10-24,3,21,45,53,56,22,0,0
20181027,2018-10-27,8,12,13,19,27,4,0,0
20181031,2018-10-31,7,25,39,40,47,20,0,0
20181103,2018-11-03,15,21,24,32,65,11,0,0
20181107,2018-11-07,26,28,34,42,50,25,0,0
20181110,2018-11-10,5,29,34,53,57,24,0,0
20181114,2018-11-14,7,42,49,62,69,23,0,0
20181117,2018-11-17,6,8,20,52,68,5,0,0
20181121,2018-11-21,7,14,23,38,55,18,0,0
20181124,2018-11-24,11,33,51,56,58,18,0,0
20181128,2018-11-28,4,19,59,68,69,21,0,0
20181201,2018-12-01,10,11,47,55,58,26,0,0
20181205,2018-12-05,9,11,36,37,38,11,0,0
20181208,2018-12-08,14,32,34,46,61,10,0,0
20181212,2018-12-12,4,9,21,29,64,26,0,0
20181215,2018-12-15,8,38,43,52,55,17,0,0
20181219,2018-12-19,15,29,31,37,43,16,0,0
20181222,2018-12-22,21,28,30,40,59,26,0,0
20181226,2018-12-26,5,25,38,52,67,24,0,0
20181229,2018-12-29,12,42,51,53,62,25,0,0
20190102,2019-01-02,8,12,42,46,56,12,0,0
20190105,2019-01-05,3,7,15,27,69,19,0,0
20190109,2019-01-09,6,19,37,49,59,22,0,0
20190112,2019-01-12,7,36,48,57,58,24,0,0
20190116,2019-01-16,14,29,31,56,61,1,0,0
20190119,2019-01-19,5,8,41,65,66,20,0,0
20190123,2019-01-23,23,25,47,48,50,24,0,0
20190126,2019-01-26,8,12,20,21,32,10,0,0
20190130,2019-01-30,2,12,16,29,54,6,0,0
20190202,2019-02-02,10,17,18,43,65,13,0,0
20190206,2019-02-06,5,13,28,38,63,21,0,0
20190209,2019-02-09,1,2,3,7,39,25,0,0
20190213,2019-02-13,2,8,14,24,69,26,0,0
20190216,2019-02-16,29,30,41,48,64,1,0,0
20190220,2019-02-20,27,49,50,51,52,2,0,0
20190223,2019-02-23,4,6,14,20,32,13,0,0
20190227,2019-02-27,21,31,42,49,59,23,0,0
20190302,2019-03-02,1,19,25,27,68,21,0,0
20190306,2019-03-06,6,10,21,35,46,23,0,0
20190309,2019-03-09,5,6,45,55,59,14,0,0
20190313,2019-03-13,18,36,45,47,69,14,0,0
20190316,2019-03-16,30,34,39,53,67,11,0,0
20190320,2019-03-20,10,14,50,53,63,21,0,0
20190323,2019-03-23,24,25,52,60,66,5,0,0
20190327,2019-03-27,16,20,37,44,62,12,0,0
20190330,2019-03-30,21,52,54,64,68,4,0,0
20190403,2019-04-03,16,19,25,32,49,18,0,0
20190406,2019-04-06,15,33,43,59,60,8,0,0
20190410,2019-04-10,12,21,23,39,67,6,0,0
20190413,2019-04-13,4,17,26,32,49,10,0,0
20190417,2019-04-17,1,15,17,46,66,15,0,0
20190420,2019-04-20,3,27,30,63,65,1,0,0
20190424,2019-04-24,6,32,35,36,65,4,0,0
20190427,2019-04-27,2,29,41,45,62,6,0,0
20190501,2019-05-01,5,23,28,56,66,17,0,0
20190504,2019-05-04,6,16,23,30,61,2,0,0
20190508,2019-05-08,1,45,53,64,66,3,0,0
20190511,2019-05-11,6,8,9,37,40,26,0,0
20190515,2019-05-15,7,17,33,61,68,4,0,0
20190518,2019-05-18,2,10,25,66,67,26,0,0
20190522,2019-05-22,7,10,20,44,57,3,0,0
20190525,2019-05-25,1,2,39,43,66,2,0,0
20190529,2019-05-29,3,32,34,42,61,7,0,0
20190601,2019-06-01,6,15,34,45,52,8,0,0
20190605,2019-06-05,17,23,28,34,38,8,0,0
20190608,2019-06-08,9,13,42,48,60,18,0,0
20190612,2019-06-12,5,35,38,42,57,13,0,0
20190615,2019-06-15,8,11,14,16,49,14,0,0
20190619,2019-06-19,4,18,21,26,38,1,0,0
20190622,2019-06-22,3,6,11,14,66,21,0,0
20190626,2019-06-26,1,5,16,22,54,24,0,0
20190629,2019-06-29,13,17,24,59,62,8,0,0
20190703,2019-07-03,40,43,45,50,61,25,0,0
20190706,2019-07-06,4,8,23,46,65,1,0,0
20190710,2019-07-10,7,9,26,44,68,3,0,0
20190713,2019-07-13,13,23,32,35,68,21,0,0
20190717,2019-07-17,19,43,47,60,68,10,0,0
20190720,2019-07-20,5,26,36,64,69,19,0,0
20190724,2019-07-24,22,29,35,53,56,13,0,0
20190727,2019-07-27,1,19,31,48,61,6,0,0
20190731,2019-07-31,14,37,47,55,67,6,0,0
20190803,2019-08-03,3,6,45,66,68,13,0,0
20190807,2019-08-07,8,32,47,53,59,3,0,0
20190810,2019-08-10,35,41,44,58,59,3,0,0
20190814,2019-08-14,10,13,30,51,69,10,0,0
20190817,2019-08-17,18,21,24,30,60,20,0,0
20190821,2019-08-21,12,21,22,29,32,21,0,0
20190824,2019-08-24,5,12,20,21,47,1,0,0
20190828,2019-08-28,9,32,37,41,56,14,0,0
20190831,2019-08-31,14,41,50,56,57,18,0,0
20190904,2019-09-04,4,8,30,52,59,2,0,0
20190907,2019-09-07,11,20,41,42,56,6,0,0
20190911,2019-09-11,6,17,24,53,57,3,0,0
20190914,2019-09-14,11,27,31,36,67,11,0,0
20190918,2019-09-18,14,19,39,47,51,15,0,0
20190921,2019-09-21,1,9,22,36,68,22,0,0
20190925,2019-09-25,37,43,44,45,53,25,0,0
20190928,2019-09-28,15,23,34,51,55,4,0,0
20191002,2019-10-02,4,8,10,43,53,7,0,0
20191005,2019-10-05,6,14,36,51,54,4,0,0
20191009,2019-10-09,5,18,33,43,65,2,0,0
20191012,2019-10-12,12,29,34,53,65,23,0,0
20191016,2019-10-16,1,5,25,63,67,3,0,0
20191019,2019-10-19,14,27,29,59,65,12,0,0
20191023,2019-10-23,5,12,50,61,69,23,0,0
20191026,2019-10-26,3,20,48,54,59,4,0,0
20191030,2019-10-30,19,22,52,56,67,21,0,0
20191102,2019-11-02,3,23,32,37,58,22,0,0
20191106,2019-11-06,15,28,46,62,64,17,0,0
20191109,2019-11-09,14,17,35,38,60,25,0,0
20191113,2019-11-13,23,26,27,28,66,11,0,0
20191116,2019-11-16,14,22,26,55,63,26,0,0
20191120,2019-11-20,7,15,39,40,57,12,0,0
20191123,2019-11-23,28,35,38,61,66,23,0,0
20191127,2019-11-27,15,26,37,53,55,21,0,0
20191130,2019-11-30,15,35,42,63,68,18,0,0
20191204,2019-12-04,8,27,44,51,61,14,0,0
20191207,2019-12-07,18,42,53,62,66,25,0,0
20191211,2019-12-11,24,29,42,44,63,10,0,0
20191214,2019-12-14,3,6,12,32,64,19,0,0
20191218,2019-12-18,14,18,26,39,68,9,0,0
20191221,2019-12-21,19,31,35,50,67,14,0,0
20191225,2019-12-25,2,4,16,30,46,20,0,0
20191228,2019-12-28,20,23,39,59,60,18,0,0
20200101,2020-01-01,49,53,57,59,62,26,0,0
20200104,2020-01-04,1,11,21,25,54,7,0,0
20200108,2020-01-08,2,4,7,43,56,22,0,0
20200111,2020-01-11,3,21,23,31,59,3,0,0
20200115,2020-01-15,39,41,53,55,68,19,0,0
20200118,2020-01-18,20,24,38,56,68,18,0,0
20200122,2020-01-22,11,33,44,59,67,8,0,0
20200125,2020-01-25,2,9,17,36,67,18,0,0
20200129,2020-01-29,9,12,15,31,60,2,0,0
20200201,2020-02-01,12,33,54,57,60,13,0,0
20200205,2020-02-05,23,30,35,41,57,2,0,0
20200208,2020-02-08,35,49,50,59,66,6,0,0
20200212,2020-02-12,14,47,54,55,68,25,0,0
20200215,2020-02-15,16,32,35,36,46,3,0,0
20200219,2020-02-19,10,12,15,19,56,19,0,0
20200222,2020-02-22,25,37,39,61,62,11,0,0
20200226,2020-02-26,8,27,29,36,47,24,0,0
20200229,2020-02-29,24,44,46,50,51,13,0,0
20200304,2020-03-04,18,43,58,60,68,14,0,0
20200307,2020-03-07,7,15,21,33,62,23,0,0
20200311,2020-03-11,4,29,49,50,67,2,0,0
20200314,2020-03-14,9,23,26,30,32,8,0,0
20200318,2020-03-18,15,27,44,59,63,8,0,0
20200321,2020-03-21,2,23,40,59,69,13,0,0
20200325,2020-03-25,5,9,27,39,42,16,0,0
20200328,2020-03-28,7,40,48,55,66,11,0,0
20200401,2020-04-01,33,35,45,48,60,16,0,0
20200404,2020-04-04,8,31,39,40,43,4,0,0
20200408,2020-04-08,2,37,39,48,54,5,0,0
20200411,2020-04-11,22,29,30,42,47,17,0,0
20200415,2020-04-15,10,12,33,36,41,2,0,0
20200418,2020-04-18,4,44,46,56,63,19,0,0
20200422,2020-04-22,1,33,35,40,69,24,0,0
20200425,2020-04-25,1,3,21,47,57,18,0,0
20200429,2020-04-29,2,20,49,61,67,20,0,0
20200502,2020-05-02,13,16,33,58,68,24,0,0
20200506,2020-05-06,7,8,35,50,65,20,0,0
20200509,2020-05-09,12,18,42,48,65,19,0,0
20200513,2020-05-13,39,53,54,56,57,20,0,0
20200516,2020-05-16,8,12,26,39,42,11,0,0
20200520,2020-05-20,18,34,40,42,50,9,0,0
20200523,2020-05-23,2,8,18,21,23,16,0,0
20200527,2020-05-27,38,58,59,64,68,21,0,0
20200530,2020-05-30,13,32,41,58,60,14,0,0
20200603,2020-06-03,1,3,26,41,64,17,0,0
20200606,2020-06-06,1,17,38,68,69,18,0,0
20200610,2020-06-10,10,33,41,52,54,18,0,0
20200613,2020-06-13,2,12,32,50,65,5,0,0
20200617,2020-06-17,7,10,63,64,68,10,0,0
20200620,2020-06-20,10,31,41,63,67,5,0,0
20200624,2020-06-24,15,22,27,33,46,23,0,0
20200627,2020-06-27,9,36,49,56,62,8,0,0
20200701,2020-07-01,15,28,52,53,63,18,0,0
20200704,2020-07-04,16,21,27,60,61,6,0,0
20200708,2020-07-08,3,10,34,36,62,5,0,0
20200711,2020-07-11,14,19,61,62,64,4,0,0
20200715,2020-07-15,27,47,61,62,69,4,0,0
20200718,2020-07-18,13,16,32,58,59,9,0,0
20200722,2020-07-22,16,25,36,44,55,14,0,0
20200725,2020-07-25,5,21,36,61,62,18,0,0
20200729,2020-07-29,7,29,35,40,45,26,0,0
20200801,2020-08-01,6,25,36,43,48,24,0,0
20200805,2020-08-05,7,14,17,57,65,24,0,0
20200808,2020-08-08,2,3,14,40,51,24,0,0
20200812,2020-08-12,2,6,18,36,37,21,0,0
20200815,2020-08-15,5,12,34,45,56,3,0,0
20200819,2020-08-19,13,23,47,55,58,23,0,0
20200822,2020-08-22,19,30,36,42,66,14,0,0
20200826,2020-08-26,8,12,19,47,58,2,0,0
20200829,2020-08-29,5,21,22,29,43,10,0,0
20200902,2020-09-02,1,4,11,20,69,18,0,0
20200905,2020-09-05,15,21,22,27,47,7,0,0
20200909,2020-09-09,27,52,55,60,64,21,0,0
20200912,2020-09-12,16,17,20,53,67,4,0,0
20200916,2020-09-16,10,17,31,51,53,1,0,0
20200919,2020-09-19,11,14,23,47,57,14,0,0
20200923,2020-09-23,8,17,49,52,59,1,0,0
20200926,2020-09-26,11,21,27,36,62,24,0,0
20200930,2020-09-30,14,18,36,49,67,18,0,0
20201003,2020-10-03,18,31,36,43,47,20,0,0
20201007,2020-10-07,6,24,30,53,56,19,0,0
20201010,2020-10-10,5,18,23,40,50,18,0,0
20201014,2020-10-14,21,37,52,53,58,5,0,0
20201017,2020-10-17,6,10,31,37,44,23,0,0
20201021,2020-10-21,1,3,13,44,56,26,0,0
20201024,2020-10-24,18,20,27,45,65,6,0,0
20201028,2020-10-28,11,28,37,40,53,13,0,0
20201031,2020-10-31,2,6,40,42,55,24,0,0
20201104,2020-11-04,23,32,33,45,49,14,0,0
20201107,2020-11-07,14,16,37,48,58,18,0,0
20201111,2020-11-11,13,15,17,45,63,13,0,0
20201114,2020-11-14,7,15,18,32,45,20,0,0
20201118,2020-11-18,4,5,17,43,52,5,0,0
20201121,2020-11-21,51,54,57,60,69,11,0,0
20201125,2020-11-25,2,57,58,60,65,26,0,0
20201128,2020-11-28,8,12,18,44,51,18,0,0
20201202,2020-12-02,28,31,40,41,46,4,0,0
20201205,2020-12-05,3,4,6,48,53,10,0,0
20201209,2020-12-09,11,14,31,47,48,4,0,0
20201212,2020-12-12,17,54,56,63,69,20,0,0
20201216,2020-12-16,4,23,37,61,67,7,0,0
20201219,2020-12-19,27,32,34,43,52,13,0,0
20201223,2020-12-23,6,13,38,39,53,6,0,0
20201226,2020-12-26,10,24,27,35,53,18,0,0
20201230,2020-12-30,3,43,45,61,65,14,0,0
20210102,2021-01-02,3,4,11,41,67,5,0,0
20210106,2021-01-06,1,20,22,60,66,3,0,0
20210109,2021-01-09,14,26,38,45,46,13,0,0
20210113,2021-01-13,4,19,23,25,49,14,0,0
20210116,2021-01-16,14,20,39,65,67,2,0,0
20210120,2021-01-20,40,53,60,68,69,22,0,0
20210123,2021-01-23,5,8,17,27,28,14,0,0
20210127,2021-01-27,17,33,35,42,52,9,0,0
20210130,2021-01-30,1,2,7,52,61,4,0,0
20210203,2021-02-03,5,37,40,64,66,5,0,0
20210206,2021-02-06,1,16,48,49,65,8,0,0
20210210,2021-02-10,15,39,58,63,67,7,0,0
20210213,2021-02-13,20,28,33,63,68,20,0,0
20210217,2021-02-17,1,15,21,32,46,1,0,0
20210220,2021-02-20,4,8,22,32,58,4,0,0
20210224,2021-02-24,4,33,43,53,65,21,0,0
20210227,2021-02-27,2,28,31,44,52,18,0,0
20210303,2021-03-03,21,40,44,50,55,16,0,0
20210306,2021-03-06,11,31,50,52,58,18,0,0
20210310,2021-03-10,17,18,37,44,53,18,0,0
20210313,2021-03-13,5,11,51,56,61,2,0,0
20210317,2021-03-17,34,38,42,61,62,19,0,0
20210320,2021-03-20,1,6,22,42,61,4,0,0
20210324,2021-03-24,4,9,17,27,38,18,0,0
20210327,2021-03-27,6,14,38,39,65,6,0,0
20210331,2021-03-31,3,10,44,55,68,24,0,0
20210403,2021-04-03,1,12,17,39,53,5,0,0
20210407,2021-04-07,27,35,39,51,66,16,0,0
20210410,2021-04-10,14,16,23,50,53,3,0,0
20210414,2021-04-14,13,30,33,45,61,14,0,0
20210417,2021-04-17,10,21,26,41,49,25,0,0
20210421,2021-04-21,21,25,32,63,67,6,0,0
20210424,2021-04-24,22,36,48,59,61,22,0,0
20210501,2021-05-01,35,36,47,61,63,3,0,0
20210505,2021-05-05,16,23,28,40,63,1,0,0
20210508,2021-05-08,12,17,20,21,26,8,0,0
20210512,2021-05-12,1,19,20,38,54,17,0,0
20210515,2021-05-15,4,10,37,39,69,24,0,0
20210519,2021-05-19,11,13,55,56,69,4,0,0
20210522,2021-05-22,3,19,27,37,40,8,0,0
20210526,2021-05-26,2,8,21,34,62,16,0,0
20210529,2021-05-29,11,13,22,27,46,20,0,0
20210602,2021-06-02,6,7,11,66,67,19,0,0
20210605,2021-06-05,44,52,54,64,69,26,0,0
20210609,2021-06-09,19,28,46,50,54,9,0,0
20210612,2021-06-12,8,25,34,38,41,10,0,0
20210616,2021-06-16,19,29,34,44,50,25,0,0
20210619,2021-06-19,4,22,35,38,39,20,0,0
20210623,2021-06-23,13,20,40,51,63,1,0,0
20210626,2021-06-26,8,31,39,43,60,17,0,0
20210630,2021-06-30,24,29,50,65,66,14,0,0
20210703,2021-07-03,26,40,41,55,65,24,0,0
20210707,2021-07-07,8,21,30,49,57,8,0,0
20210710,2021-07-10,1,5,29,54,62,3,0,0
20210714,2021-07-14,33,46,52,59,62,10,0,0
20210717,2021-07-17,15,22,38,54,66,3,0,0
20210721,2021-07-21,27,28,44,67,68,11,0,0
20210724,2021-07-24,1,4,11,59,67,10,0,0
20210728,2021-07-28,25,30,53,59,60,5,0,0
20210731,2021-07-31,1,21,22,34,47,4,0,0
20210804,2021-08-04,5,21,32,36,58,14,0,0
20210807,2021-08-07,7,24,36,54,60,23,0,0
20210811,2021-08-11,12,18,20,29,30,16,0,0
20210814,2021-08-14,6,21,49,65,67,18,0,0
20210818,2021-08-18,35,36,51,55,61,26,0,0
20210821,2021-08-21,16,28,36,39,59,4,0,0
20210823,2021-08-23,17,36,47,60,61,15,0,0
20210825,2021-08-25,27,39,54,56,59,24,0,0
20210828,2021-08-28,12,22,26,46,59,26,0,0
20210830,2021-08-30,3,15,45,51,61,8,0,0
20210901,2021-09-01,10,20,29,48,51,17,0,0
20210904,2021-09-04,32,35,40,52,54,1,0,0
20210906,2021-09-06,11,20,22,33,54,24,0,0
20210908,2021-09-08,9,22,41,47,61,21,0,0
20210911,2021-09-11,20,31,38,40,49,21,0,0
20210913,2021-09-13,37,40,50,61,63,21,0,0
20210915,2021-09-15,1,4,18,46,62,25,0,0
20210918,2021-09-18,5,36,39,45,57,11,0,0
20210920,2021-09-20,37,51,54,58,60,19,0,0
20210922,2021-09-22,20,40,47,55,63,5,0,0
20210925,2021-09-25,22,23,37,62,63,19,0,0
20210927,2021-09-27,21,22,39,44,60,12,0,0
20210929,2021-09-29,2,7,11,17,32,11,0,0
20211002,2021-10-02,28,38,42,47,52,1,0,0
20211004,2021-10-04,12,22,54,66,69,15,0,0
20211006,2021-10-06,1,17,52,58,64,1,0,0
20211009,2021-10-09,12,17,30,45,62,5,0,0
20211011,2021-10-11,11,20,33,39,65,24,0,0
20211013,2021-10-13,23,29,47,59,60,15,0,0
20211016,2021-10-16,30,31,41,42,48,3,0,0
20211018,2021-10-18,30,32,48,53,63,12,0,0
20211020,2021-10-20,7,29,36,41,43,5,0,0
20211023,2021-10-23,10,30,51,57,63,20,0,0
20211025,2021-10-25,10,27,29,44,58,24,0,0
20211027,2021-10-27,3,6,26,35,51,17,0,0
20211030,2021-10-30,5,23,28,43,56,19,0,0
20211101,2021-11-01,9,25,34,44,45,8,0,0
20211103,2021-11-03,1,2,24,50,57,26,0,0
20211106,2021-11-06,8,30,48,57,64,9,0,0
20211108,2021-11-08,21,46,47,57,62,8,0,0
20211110,2021-11-10,19,25,43,46,48,14,0,0
20211113,2021-11-13,8,15,26,35,45,9,0,0
20211115,2021-11-15,5,31,34,51,53,23,0,0
20211117,2021-11-17,3,16,48,52,60,1,0,0
20211120,2021-11-20,40,43,48,59,69,19,0,0
20211122,2021-11-22,7,20,29,38,67,22,0,0
20211124,2021-11-24,10,16,32,63,65,17,0,0
20211127,2021-11-27,8,32,55,64,66,10,0,0
20211129,2021-11-29,18,26,28,38,47,17,0,0
20211201,2021-12-01,12,15,38,57,63,24,0,0
20211204,2021-12-04,10,40,45,56,67,2,0,0
20211206,2021-12-06,3,21,38,50,59,6,0,0
20211208,2021-12-08,3,7,33,50,69,24,0,0
20211211,2021-12-11,3,25,44,53,64,10,0,0
20211213,2021-12-13,10,30,37,53,59,4,0,0
20211215,2021-12-15,19,20,40,42,59,15,0,0
20211218,2021-12-18,2,6,24,51,61,1,0,0
20211220,2021-12-20,2,13,23,34,66,2,0,0
20211222,2021-12-22,7,16,19,48,68,15,0,0
20211225,2021-12-25,27,29,45,55,58,2,0,0
20211227,2021-12-27,36,38,45,62,64,19,0,0
20211229,2021-12-29,2,6,9,33,39,11,0,0
20220101,2022-01-01,6,12,39,48,50,7,0,0
20220103,2022-01-03,2,13,32,33,48,22,0,0
20220105,2022-01-05,6,14,25,33,46,17,0,0
20220108,2022-01-08,20,21,36,60,65,13,0,0
20220110,2022-01-10,14,17,18,21,27,9,0,0
20220112,2022-01-12,12,21,22,30,33,24,0,0
20220115,2022-01-15,3,18,37,51,59,13,0,0
20220117,2022-01-17,9,24,35,46,65,22,0,0
20220119,2022-01-19,11,15,43,55,61,10,0,0
20220122,2022-01-22,8,14,33,36,67,17,0,0
20220124,2022-01-24,11,29,30,47,53,16,0,0
20220126,2022-01-26,4,11,38,49,69,16,0,0
20220129,2022-01-29,2,15,38,54,65,11,0,0
20220131,2022-01-31,10,15,51,61,69,14,0,0
20220202,2022-02-02,18,29,33,62,63,15,0,0
20220205,2022-02-05,5,16,27,39,61,24,0,0
20220207,2022-02-07,5,15,38,47,65,10,0,0
20220209,2022-02-09,2,17,33,51,63,26,0,0
20220212,2022-02-12,8,10,21,41,62,7,0,0
20220214,2022-02-14,16,25,27,49,55,17,0,0
20220216,2022-02-16,22,30,40,42,48,16,0,0
20220219,2022-02-19,3,10,15,33,42,11,0,0
20220221,2022-02-21,2,36,37,45,69,3,0,0
20220223,2022-02-23,6,17,21,35,64,18,0,0
20220226,2022-02-26,15,32,36,48,64,19,0,0
20220228,2022-02-28,7,21,39,47,55,19,0,0
20220302,2022-03-02,19,37,48,61,63,12,0,0
20220305,2022-03-05,8,23,37,52,63,13,0,0
20220307,2022-03-07,10,43,55,59,67,2,0,0
20220309,2022-03-09,13,22,34,51,67,10,0,0
20220314,2022-03-14,21,28,32,44,49,6,0,0
20220316,2022-03-16,3,28,34,35,58,17,0,0
20220319,2022-03-19,8,9,18,48,52,6,0,0
20220321,2022-03-21,1,15,26,63,65,16,0,0
20220323,2022-03-23,31,32,37,38,48,24,0,0
20220326,2022-03-26,2,10,50,59,61,6,0,0
20220328,2022-03-28,11,18,39,58,62,3,0,0
20220330,2022-03-30,3,7,21,31,37,11,0,0
20220402,2022-04-02,6,28,47,58,59,18,0,0
20220404,2022-04-04,2,32,39,46,69,6,0,0
20220406,2022-04-06,6,42,45,47,64,18,0,0
20220411,2022-04-11,5,7,24,31,34,4,0,0
20220413,2022-04-13,14,16,41,63,68,26,0,0
20220416,2022-04-16,15,21,32,62,65,26,0,0
20220418,2022-04-18,8,33,55,59,62,18,0,0
20220420,2022-04-20,20,30,45,55,56,14,0,0
20220423,2022-04-23,10,39,47,49,56,8,0,0
20220425,2022-04-25,12,18,20,39,61,10,0,0
20220427,2022-04-27,11,36,61,62,68,4,0,0
20220430,2022-04-30,14,21,37,44,63,1,0,0
20220502,2022-05-02,18,27,33,39,44,8,0,0
20220504,2022-05-04,37,39,55,63,69,23,0,0
20220507,2022-05-07,4,5,6,28,67,10,0,0
20220509,2022-05-09,18,30,35,52,56,5,0,0
20220511,2022-05-11,5,7,61,63,69,18,0,0
20220514,2022-05-14,6,40,41,45,52,9,0,0
20220516,2022-05-16,7,15,22,36,64,13,0,0
20220518,2022-05-18,40,41,58,64,65,17,0,0
20220521,2022-05-21,14,15,25,52,58,11,0,0
20220523,2022-05-23,1,33,37,39,42,26,0,0
20220525,2022-05-25,19,28,39,42,57,17,0,0
20220528,2022-05-28,2,39,50,61,66,15,0,0
20220530,2022-05-30,27,28,51,68,69,22,0,0
20220601,2022-06-01,11,41,56,57,63,2,0,0
20220604,2022-06-04,14,16,36,52,60,16,0,0
20220606,2022-06-06,2,10,35,44,46,4,0,0
20220608,2022-06-08,22,39,43,62,64,7,0,0
20220611,2022-06-11,18,20,26,53,69,5,0,0
20220613,2022-06-13,2,27,42,44,51,25,0,0
20220615,2022-06-15,19,28,41,42,51,7,0,0
20220618,2022-06-18,10,19,40,45,58,25,0,0
20220620,2022-06-20,3,44,61,63,69,13,0,0
20220622,2022-06-22,6,10,31,48,56,12,0,0
20220625,2022-06-25,6,12,20,27,32,4,0,0
20220627,2022-06-27,11,13,18,30,37,16,0,0
20220629,2022-06-29,8,40,49,58,63,14,0,0
20220702,2022-07-02,9,10,37,59,62,26,0,0
20220704,2022-07-04,15,16,24,31,56,4,0,0
20220706,2022-07-06,32,36,49,62,69,13,0,0
20220709,2022-07-09,14,22,42,46,52,24,0,0
20220711,2022-07-11,4,26,34,37,52,9,0,0
20220713,2022-07-13,22,23,36,47,63,2,0,0
20220716,2022-07-16,3,18,23,32,57,21,0,0
20220718,2022-07-18,14,34,36,50,58,5,0,0
20220720,2022-07-20,10,20,23,49,65,22,0,0
20220723,2022-07-23,39,41,54,59,62,12,0,0
20220725,2022-07-25,25,37,38,39,65,5,0,0
20220727,2022-07-27,1,25,44,55,57,26,0,0
20220730,2022-07-30,4,17,57,58,68,12,0,0
20220801,2022-08-01,15,21,31,36,65,16,0,0
20220803,2022-08-03,9,21,56,57,66,11,0,0
20220806,2022-08-06,8,15,46,56,68,3,0,0
20220808,2022-08-08,32,45,51,57,58,12,0,0
20220810,2022-08-10,29,44,59,61,68,19,0,0
20220813,2022-08-13,19,24,35,43,62,2,0,0
20220815,2022-08-15,20,24,47,50,63,5,0,0
20220817,2022-08-17,23,28,41,50,55,24,0,0
20220820,2022-08-20,5,9,11,16,66,7,0,0
20220822,2022-08-22,12,27,34,55,67,9,0,0
20220824,2022-08-24,6,24,35,37,44,22,0,0
20220827,2022-08-27,2,18,56,60,65,14,0,0
20220829,2022-08-29,13,36,43,61,69,18,0,0
20220831,2022-08-31,7,8,19,24,28,1,0,0
20220903,2022-09-03,18,27,49,65,69,9,0,0
20220905,2022-09-05,4,7,32,55,64,25,0,0
20220907,2022-09-07,3,16,30,33,36,20,0,0
20220910,2022-09-10,38,42,56,68,69,4,0,0
20220912,2022-09-12,6,14,16,34,66,25,0,0
20220914,2022-09-14,9,10,20,22,52,25,0,0
20220917,2022-09-17,5,25,36,51,61,1,0,0
20220919,2022-09-19,7,15,36,46,67,7,0,0
20220921,2022-09-21,6,33,34,45,54,7,0,0
20220924,2022-09-24,3,9,21,24,29,14,0,0
20220926,2022-09-26,13,20,31,33,59,20,0,0
20220928,2022-09-28,6,10,24,33,67,11,0,0
20221001,2022-10-01,8,21,22,65,69,26,0,0
20221003,2022-10-03,2,16,22,55,63,22,0,0
20221005,2022-10-05,26,30,33,37,62,6,0,0
20221008,2022-10-08,13,43,53,60,68,5,0,0
20221010,2022-10-10,3,6,11,17,22,11,0,0
20221012,2022-10-12,14,30,41,42,59,6,0,0
20221015,2022-10-15,32,37,40,58,62,15,0,0
20221017,2022-10-17,19,30,36,46,60,25,0,0
20221019,2022-10-19,6,8,15,27,42,10,0,0
20221022,2022-10-22,19,25,48,55,60,18,0,0
20221024,2022-10-24,18,23,35,45,54,16,0,0
20221026,2022-10-26,19,36,37,46,56,24,0,0
20221029,2022-10-29,19,31,40,46,57,23,0,0
20221031,2022-10-31,13,19,36,39,59,13,0,0
20221102,2022-11-02,2,11,22,35,60,23,0,0
20221105,2022-11-05,28,45,53,56,69,20,0,0
20221109,2022-11-09,7,14,24,30,56,7,0,0
20221112,2022-11-12,16,20,44,57,58,6,0,0
20221114,2022-11-14,19,35,53,54,67,21,0,0
20221116,2022-11-16,28,34,51,53,56,11,0,0
20221119,2022-11-19,7,28,62,63,64,10,0,0
20221121,2022-11-21,1,6,40,51,67,2,0,0
20221123,2022-11-23,1,2,31,39,66,25,0,0
20221126,2022-11-26,15,30,47,50,51,3,0,0
20221128,2022-11-28,29,30,32,48,50,20,0,0
20221130,2022-11-30,4,19,24,47,66,10,0,0
20221203,2022-12-03,6,13,33,36,37,7,0,0
20221205,2022-12-05,35,45,47,54,55,14,0,0
20221207,2022-12-07,6,28,44,59,61,21,0,0
20221210,2022-12-10,9,23,47,49,68,19,0,0
20221212,2022-12-12,16,31,50,55,61,9,0,0
20221214,2022-12-14,36,51,59,66,68,25,0,0
20221217,2022-12-17,33,56,64,66,68,12,0,0
20221219,2022-12-19,7,37,55,65,67,12,0,0
20221221,2022-12-21,12,15,24,34,59,14,0,0
20221224,2022-12-24,17,37,46,54,67,8,0,0
20221226,2022-12-26,17,41,47,60,61,17,0,0
20221228,2022-12-28,26,32,38,45,56,1,0,0
20221231,2022-12-31,18,37,44,50,64,11,0,0
20230102,2023-01-02,7,9,12,31,62,22,0,0
20230104,2023-01-04,12,32,56,67,68,26,0,0
20230107,2023-01-07,35,36,44,45,67,14,0,0
20230109,2023-01-09,18,43,48,60,69,14,0,0
20230111,2023-01-11,4,8,46,47,48,5,0,0
20230114,2023-01-14,24,26,39,47,57,23,0,0
20230116,2023-01-16,4,14,33,39,61,3,0,0
20230118,2023-01-18,6,15,22,42,47,26,0,0
20230121,2023-01-21,5,14,19,46,64,22,0,0
20230123,2023-01-23,12,31,47,58,60,23,0,0
20230125,2023-01-25,9,17,20,38,40,18,0,0
20230128,2023-01-28,2,18,23,27,47,15,0,0
20230130,2023-01-30,1,4,12,36,49,5,0,0
20230201,2023-02-01,31,43,58,59,66,9,0,0
20230204,2023-02-04,2,8,15,19,58,10,0,0
20230206,2023-02-06,5,11,22,23,69,7,0,0
20230208,2023-02-08,52,58,59,64,66,9,0,0
20230211,2023-02-11,10,23,30,54,65,11,0,0
20230213,2023-02-13,17,26,37,61,65,2,0,0
20230215,2023-02-15,31,32,54,60,63,12,0,0
20230218,2023-02-18,8,21,31,32,37,23,0,0
20230220,2023-02-20,3,17,26,38,54,15,0,0
20230222,2023-02-22,11,19,39,44,65,7,0,0
20230225,2023-02-25,11,24,58,66,67,26,0,0
20230227,2023-02-27,16,28,49,51,55,23,0,0
20230301,2023-03-01,2,9,28,36,53,4,0,0
20230304,2023-03-04,10,16,18,40,66,16,0,0
20230306,2023-03-06,2,13,29,58,69,4,0,0
20230308,2023-03-08,26,27,43,61,69,4,0,0
20230311,2023-03-11,11,20,33,43,58,24,0,0
20230313,2023-03-13,3,10,24,46,63,4,0,0
20230315,2023-03-15,16,18,33,37,50,8,0,0
20230318,2023-03-18,14,20,30,54,69,11,0,0
20230320,2023-03-20,1,27,32,47,67,14,0,0
20230322,2023-03-22,27,28,37,50,57,5,0,0
20230325,2023-03-25,15,17,18,47,57,19,0,0
20230327,2023-03-27,19,26,36,43,58,14,0,0
20230329,2023-03-29,4,9,24,46,66,7,0,0
20230401,2023-04-01,11,19,21,29,52,17,0,0
20230403,2023-04-03,16,30,31,54,68,1,0,0
20230405,2023-04-05,3,5,9,42,52,11,0,0
20230408,2023-04-08,11,22,24,51,60,18,0,0
20230410,2023-04-10,9,10,36,46,52,14,0,0
20230412,2023-04-12,9,36,41,44,59,4,0,0
20230415,2023-04-15,1,33,34,56,59,18,0,0
20230417,2023-04-17,23,25,35,63,64,25,0,0
20230419,2023-04-19,4,11,21,38,64,11,0,0
20230422,2023-04-22,17,36,47,63,68,25,0,0
20230424,2023-04-24,19,21,55,66,68,3,0,0
20230426,2023-04-26,2,15,30,35,49,6,0,0
20230429,2023-04-29,16,53,54,57,65,8,0,0
20230501,2023-05-01,3,38,55,61,66,1,0,0
20230503,2023-05-03,21,26,30,45,47,23,0,0
20230506,2023-05-06,31,39,47,51,53,6,0,0
20230508,2023-05-08,15,20,33,36,43,12,0,0
20230510,2023-05-10,21,24,33,55,69,3,0,0
20230513,2023-05-13,3,15,20,23,46,11,0,0
20230515,2023-05-15,1,26,28,55,58,25,0,0
20230517,2023-05-17,18,34,37,45,51,14,0,0
20230520,2023-05-20,17,23,32,38,63,23,0,0
20230522,2023-05-22,9,38,48,52,68,25,0,0
20230524,2023-05-24,12,21,44,50,58,26,0,0
20230527,2023-05-27,24,38,39,48,56,4,0,0
20230529,2023-05-29,21,33,35,62,64,24,0,0
20230531,2023-05-31,2,4,54,61,62,14,0,0
20230603,2023-06-03,15,45,64,67,68,18,0,0
20230605,2023-06-05,2,31,45,46,49,20,0,0
20230607,2023-06-07,16,21,29,53,66,2,0,0
20230610,2023-06-10,21,32,42,46,50,4,0,0
20230612,2023-06-12,2,3,16,23,68,7,0,0
20230614,2023-06-14,3,20,36,42,64,4,0,0
20230617,2023-06-17,2,12,45,61,64,26,0,0
20230619,2023-06-19,36,39,52,57,69,1,0,0
20230621,2023-06-21,5,11,33,35,63,14,0,0
20230624,2023-06-24,2,38,44,50,62,19,0,0
20230626,2023-06-26,6,28,39,43,54,12,0,0
20230628,2023-06-28,19,25,34,57,68,4,0,0
20230701,2023-07-01,4,17,35,49,61,8,0,0
20230703,2023-07-03,15,26,31,38,61,3,0,0
20230705,2023-07-05,17,24,48,62,68,23,0,0
20230708,2023-07-08,7,23,24,32,43,18,0,0
20230710,2023-07-10,2,24,34,53,58,13,0,0
20230712,2023-07-12,23,35,45,66,67,20,0,0
20230715,2023-07-15,2,9,43,55,57,18,0,0
20230717,2023-07-17,5,8,9,17,41,21,0,0
20230719,2023-07-19,7,10,11,13,24,24,0,0
20230722,2023-07-22,25,27,36,37,63,7,0,0
20230724,2023-07-24,3,4,12,28,49,25,0,0
20230726,2023-07-26,3,16,40,48,60,14,0,0
20230729,2023-07-29,10,25,27,34,38,2,0,0
20230731,2023-07-31,2,11,48,58,65,13,0,0
20230802,2023-08-02,23,24,33,51,64,5,0,0
20230805,2023-08-05,18,42,44,62,65,23,0,0
20230807,2023-08-07,6,13,20,35,54,22,0,0
20230809,2023-08-09,10,15,21,67,69,3,0,0
20230812,2023-08-12,19,21,37,50,65,26,0,0
20230814,2023-08-14,32,34,37,39,47,3,0,0
20230816,2023-08-16,9,11,17,19,55,1,0,0
20230819,2023-08-19,1,25,27,38,62,13,0,0
20230821,2023-08-21,3,4,12,22,28,16,0,0
20230823,2023-08-23,25,30,32,33,55,20,0,0
20230826,2023-08-26,20,22,26,28,63,5,0,0
20230828,2023-08-28,4,6,25,55,68,26,0,0
20230830,2023-08-30,4,13,35,61,69,4,0,0
20230902,2023-09-02,25,38,42,66,67,19,0,0
20230904,2023-09-04,1,26,32,46,51,13,0,0
20230906,2023-09-06,9,14,20,23,63,1,0,0
20230909,2023-09-09,11,19,29,63,68,25,0,0
20230911,2023-09-11,9,25,27,53,66,5,0,0
20230913,2023-09-13,22,30,37,44,45,18,0,0
20230916,2023-09-16,8,11,19,24,46,5,0,0
20230918,2023-09-18,2,21,26,40,42,9,0,0
20230920,2023-09-20,16,27,59,62,63,23,0,0
20230923,2023-09-23,1,12,20,33,66,21,0,0
20230925,2023-09-25,10,12,22,36,50,4,0,0
20230927,2023-09-27,1,7,46,47,63,7,0,0
20230930,2023-09-30,19,30,37,44,46,22,0,0
20231002,2023-10-02,12,26,27,43,47,5,0,0
20231004,2023-10-04,9,35,54,63,64,1,0,0
20231007,2023-10-07,47,54,57,60,65,19,0,0
20231009,2023-10-09,16,34,46,55,67,14,0,0
20231011,2023-10-11,22,24,40,52,64,10,0,0
20231014,2023-10-14,14,16,42,48,64,14,0,0
20231016,2023-10-16,2,27,31,44,64,18,0,0
20231018,2023-10-18,1,4,13,35,58,24,0,0
20231021,2023-10-21,6,15,24,67,68,11,0,0
20231023,2023-10-23,18,21,25,46,64,21,0,0
20231025,2023-10-25,25,27,41,53,68,2,0,0
20231028,2023-10-28,14,24,50,59,64,2,0,0
20231030,2023-10-30,19,22,34,66,69,5,0,0
20231101,2023-11-01,22,26,39,47,63,12,0,0
20231104,2023-11-04,1,28,30,34,52,6,0,0
20231106,2023-11-06,12,25,40,59,61,26,0,0
20231108,2023-11-08,14,21,33,39,62,20,0,0
20231111,2023-11-11,1,12,14,24,57,7,0,0
20231113,2023-11-13,24,33,35,37,42,21,0,0
20231115,2023-11-15,3,4,51,53,60,6,0,0
20231118,2023-11-18,34,50,51,61,67,20,0,0
20231120,2023-11-20,19,26,30,39,63,13,0,0
20231122,2023-11-22,20,24,33,39,42,21,0,0
20231125,2023-11-25,27,33,63,66,68,9,0,0
20231127,2023-11-27,2,21,38,61,66,12,0,0
20231129,2023-11-29,6,47,50,61,68,4,0,0
20231202,2023-12-02,28,35,41,47,60,3,0,0
20231204,2023-12-04,18,19,27,28,45,9,0,0
20231206,2023-12-06,2,12,37,56,65,21,0,0
20231209,2023-12-09,5,25,26,40,60,1,0,0
20231211,2023-12-11,1,24,27,31,62,20,0,0
20231213,2023-12-13,3,8,41,56,64,18,0,0
20231216,2023-12-16,3,9,10,20,62,25,0,0
20231218,2023-12-18,5,8,19,34,39,26,0,0
20231220,2023-12-20,27,35,41,56,60,16,0,0
20231223,2023-12-23,9,14,17,18,53,6,0,0
20231225,2023-12-25,5,12,20,24,29,4,0,0
20231227,2023-12-27,4,11,38,51,68,5,0,0
20231230,2023-12-30,10,11,26,27,34,7,0,0
20240101,2024-01-01,12,21,42,44,49,1,0,0
20240103,2024-01-03,30,31,38,48,68,8,0,0
20240106,2024-01-06,4,31,34,38,61,13,0,0
20240108,2024-01-08,7,17,28,40,45,2,0,0
20240110,2024-01-10,25,40,43,48,50,11,0,0
20240113,2024-01-13,13,31,33,51,58,15,0,0
20240115,2024-01-15,13,30,35,49,59,4,0,0
20240117,2024-01-17,18,22,43,61,65,2,0,0
20240120,2024-01-20,16,31,34,47,65,10,0,0
20240122,2024-01-22,24,25,43,52,63,21,0,0
20240124,2024-01-24,1,5,32,50,64,8,0,0
20240127,2024-01-27,7,38,65,66,68,21,0,0
20240129,2024-01-29,39,41,43,49,64,4,0,0
20240131,2024-01-31,15,18,19,41,43,14,0,0
20240203,2024-02-03,9,11,27,59,66,19,0,0
20240205,2024-02-05,1,2,27,30,67,9,0,0
20240207,2024-02-07,12,21,62,67,69,17,0,0
20240210,2024-02-10,27,28,34,37,44,8,0,0
20240212,2024-02-12,17,36,43,53,67,14,0,0
20240214,2024-02-14,1,4,45,47,67,18,0,0
20240217,2024-02-17,6,28,59,62,69,21,0,0
20240219,2024-02-19,4,23,45,50,53,17,0,0
20240221,2024-02-21,4,27,33,41,42,14,0,0
20240224,2024-02-24,3,8,40,53,58,3,0,0
20240226,2024-02-26,24,29,42,51,54,16,0,0
20240228,2024-02-28,16,26,29,38,50,6,0,0
20240302,2024-03-02,3,18,27,36,53,12,0,0
20240304,2024-03-04,36,42,50,52,67,26,0,0
20240306,2024-03-06,6,19,28,44,60,10,0,0
20240309,2024-03-09,30,36,49,52,63,16,0,0
20240311,2024-03-11,1,3,7,16,66,5,0,0
20240313,2024-03-13,21,29,54,59,62,4,0,0
20240316,2024-03-16,12,23,44,57,61,5,0,0
20240318,2024-03-18,10,17,20,39,44,16,0,0
20240320,2024-03-20,13,22,27,54,66,9,0,0
20240323,2024-03-23,6,23,25,34,51,3,0,0
20240325,2024-03-25,7,11,19,53,68,23,0,0
20240327,2024-03-27,37,46,57,60,66,8,0,0
20240330,2024-03-30,12,13,33,50,52,23,0,0
20240401,2024-04-01,19,24,40,42,56,23,0,0
20240403,2024-04-03,11,38,41,62,65,15,0,0
20240406,2024-04-06,22,27,44,52,69,9,0,0
20240408,2024-04-08,6,21,23,39,54,23,0,0
20240410,2024-04-10,6,7,12,24,36,15,0,0
20240413,2024-04-13,7,33,40,43,69,10,0,0
20240415,2024-04-15,7,16,41,56,61,23,0,0
20240417,2024-04-17,24,29,44,47,54,2,0,0
20240420,2024-04-20,4,35,41,44,58,25,0,0
20240422,2024-04-22,12,16,33,39,52,1,0,0
20240424,2024-04-24,2,20,22,26,47,21,0,0
20240427,2024-04-27,9,30,53,55,62,23,0,0
20240429,2024-04-29,11,38,47,67,69,14,0,0
20240501,2024-05-01,1,11,19,21,68,15,0,0
20240504,2024-05-04,14,20,23,53,69,4,0,0
20240506,2024-05-06,7,23,24,56,60,25,0,0
20240508,2024-05-08,7,41,43,44,51,5,0,0
20240511,2024-05-11,3,6,39,49,67,21,0,0
20240513,2024-05-13,5,14,29,38,66,1,0,0
20240515,2024-05-15,19,42,45,55,69,6,0,0
20240518,2024-05-18,19,36,37,42,59,19,0,0
20240520,2024-05-20,1,7,48,64,68,5,0,0
20240522,2024-05-22,5,16,18,26,67,4,0,0
20240525,2024-05-25,6,33,35,36,64,24,0,0
20240527,2024-05-27,9,30,39,49,59,21,0,0
20240529,2024-05-29,17,34,56,60,61,9,0,0
20240601,2024-06-01,28,38,52,54,68,8,0,0
20240603,2024-06-03,19,29,35,36,45,16,0,0
20240605,2024-06-05,8,44,45,51,69,12,0,0
20240608,2024-06-08,8,38,52,54,64,15,0,0
20240610,2024-06-10,3,10,33,58,59,9,0,0
20240612,2024-06-12,19,30,31,61,62,21,0,0
20240615,2024-06-15,4,36,48,54,56,2,0,0
20240617,2024-06-17,30,48,53,58,66,9,0,0
20240619,2024-06-19,4,27,44,50,64,7,0,0
20240622,2024-06-22,4,5,15,32,62,21,0,0
20240624,2024-06-24,5,6,36,53,69,8,0,0
20240626,2024-06-26,4,9,36,47,56,7,0,0
20240629,2024-06-29,26,51,54,61,69,25,0,0
20240701,2024-07-01,5,9,32,39,55,9,0,0
20240703,2024-07-03,2,26,33,55,57,22,0,0
20240706,2024-07-06,5,32,35,39,49,21,0,0
20240708,2024-07-08,20,22,31,33,45,1,0,0
20240710,2024-07-10,7,11,12,27,46,26,0,0
20240713,2024-07-13,9,55,59,66,69,21,0,0
20240715,2024-07-15,9,31,39,40,45,23,0,0
20240717,2024-07-17,24,27,32,47,66,26,0,0
20240720,2024-07-20,18,25,31,40,57,4,0,0
20240722,2024-07-22,31,36,56,58,69,20,0,0
20240724,2024-07-24,16,42,59,63,68,13,0,0
20240727,2024-07-27,3,31,37,40,64,17,0,0
20240729,2024-07-29,11,27,30,33,44,16,0,0
20240731,2024-07-31,23,34,37,50,58,7,0,0
20240803,2024-08-03,13,33,40,60,61,20,0,0
20240805,2024-08-05,29,42,44,51,54,12,0,0
20240807,2024-08-07,6,19,35,47,57,9,0,0
20240810,2024-08-10,9,24,33,64,69,9,0,0
20240812,2024-08-12,9,22,57,67,68,14,0,0
20240814,2024-08-14,8,9,23,29,62,13,0,0
20240817,2024-08-17,12,31,43,45,46,22,0,0
20240819,2024-08-19,1,2,15,23,28,10,0,0
20240821,2024-08-21,27,31,33,38,67,3,0,0
20240824,2024-08-24,5,15,21,24,43,17,0,0
20240826,2024-08-26,2,4,23,68,69,15,0,0
20240828,2024-08-28,5,33,47,50,64,20,0,0
20240831,2024-08-31,4,34,35,38,69,19,0,0
20240902,2024-09-02,8,42,46,48,53,22,0,0
20240904,2024-09-04,7,10,21,33,59,20,0,0
20240907,2024-09-07,14,34,37,55,63,20,0,0
20240909,2024-09-09,1,16,21,47,60,5,0,0
20240911,2024-09-11,10,12,55,65,67,3,0,0
20240914,2024-09-14,29,34,38,48,56,16,0,0
20240916,2024-09-16,8,9,11,27,31,17,0,0
20240918,2024-09-18,1,11,22,47,68,7,0,0
20240921,2024-09-21,17,19,21,37,45,14,0,0
20240923,2024-09-23,15,21,25,37,45,19,0,0
20240925,2024-09-25,2,26,45,46,52,21,0,0
20240928,2024-09-28,3,11,13,24,39,22,0,0
20240930,2024-09-30,9,11,30,43,69,20,0,0
20241002,2024-10-02,1,2,21,37,43,21,0,0
20241005,2024-10-05,2,12,46,52,65,3,0,0
20241007,2024-10-07,18,30,31,52,63,22,0,0
20241009,2024-10-09,25,32,43,53,66,10,0,0
20241012,2024-10-12,5,14,20,41,57,6,0,0
20241014,2024-10-14,14,18,33,64,67,14,0,0
20241016,2024-10-16,4,30,39,44,60,11,0,0
20241019,2024-10-19,7,16,19,45,64,25,0,0
20241021,2024-10-21,1,25,57,62,64,15,0,0
20241023,2024-10-23,2,15,27,29,39,20,0,0
20241026,2024-10-26,8,12,40,45,51,15,0,0
20241028,2024-10-28,21,27,32,48,67,17,0,0
20241030,2024-10-30,13,22,29,43,58,22,0,0
20241102,2024-11-02,10,45,48,58,61,2,0,0
20241104,2024-11-04,6,18,33,48,53,21,0,0
20241106,2024-11-06,12,17,37,58,62,4,0,0
20241109,2024-11-09,11,24,50,56,66,16,0,0
20241111,2024-11-11,3,21,24,34,46,9,0,0
20241113,2024-11-13,9,20,26,43,58,9,0,0
20241116,2024-11-16,21,22,25,32,38,16,0,0
20241118,2024-11-18,27,31,41,52,69,26,0,0
20241120,2024-11-20,16,30,60,62,64,25,0,0
20241123,2024-11-23,12,13,34,44,67,8,0,0
20241125,2024-11-25,5,35,45,60,63,12,0,0
20241127,2024-11-27,1,6,7,13,40,5,0,0
20241130,2024-11-30,4,24,29,39,63,25,0,0
20241202,2024-12-02,3,9,26,61,67,13,0,0
20241204,2024-12-04,1,23,25,28,61,13,0,0
20241207,2024-12-07,1,31,43,55,57,22,0,0
20241209,2024-12-09,35,37,40,45,51,24,0,0
20241211,2024-12-11,13,44,50,52,54,20,0,0
20241214,2024-12-14,12,17,23,52,67,1,0,0
20241216,2024-12-16,9,30,33,57,61,17,0,0
20241218,2024-12-18,6,15,18,33,49,7,0,0
20241221,2024-12-21,1,12,17,21,58,1,0,0
20241223,2024-12-23,22,42,44,57,64,18,0,0
20241225,2024-12-25,15,26,27,30,35,3,0,0
20241228,2024-12-28,6,31,51,54,55,12,0,0
20241230,2024-12-30,9,19,33,38,39,1,0,0
20250101,2025-01-01,6,12,28,35,66,26,0,0
20250104,2025-01-04,26,32,43,54,56,24,0,0
20250106,2025-01-06,17,34,46,66,67,14,0,0
20250108,2025-01-08,1,20,36,38,43,24,0,0
20250111,2025-01-11,3,6,32,37,65,4,0,0
20250113,2025-01-13,4,6,16,39,66,9,0,0
20250115,2025-01-15,8,41,52,53,58,7,0,0
20250118,2025-01-18,14,31,35,64,69,23,0,0
20250120,2025-01-20,15,16,32,47,54,6,0,0
20250122,2025-01-22,5,6,27,40,49,5,0,0
20250125,2025-01-25,8,15,17,53,66,14,0,0
20250127,2025-01-27,2,40,47,53,55,20,0,0
20250129,2025-01-29,8,12,31,33,38,18,0,0
20250201,2025-02-01,23,29,32,49,61,8,0,0
20250203,2025-02-03,12,37,47,54,60,17,0,0
20250205,2025-02-05,19,27,30,50,62,14,0,0
20250208,2025-02-08,23,44,57,60,62,9,0,0
20250210,2025-02-10,2,17,18,29,43,3,0,0
20250212,2025-02-12,21,32,36,45,49,18,0,0
20250215,2025-02-15,3,16,45,54,56,12,0,0
20250217,2025-02-17,4,44,47,52,57,9,0,0
20250219,2025-02-19,6,21,28,49,60,20,0,0
20250222,2025-02-22,7,18,22,50,65,15,0,0
20250224,2025-02-24,10,11,34,59,68,14,0,0
20250226,2025-02-26,28,48,55,60,62,20,0,0
20250301,2025-03-01,2,23,36,44,49,25,0,0
20250303,2025-03-03,18,20,50,52,56,20,0,0
20250305,2025-03-05,24,28,40,63,65,20,0,0
20250308,2025-03-08,2,4,16,23,63,13,0,0
20250310,2025-03-10,17,40,47,50,55,6,0,0
20250312,2025-03-12,11,13,28,51,58,1,0,0
20250315,2025-03-15,12,28,33,36,54,5,0,0
20250317,2025-03-17,11,18,23,38,60,9,0,0
20250319,2025-03-19,8,11,21,49,59,15,0,0
20250322,2025-03-22,6,7,25,46,57,12,0,0
20250324,2025-03-24,6,23,35,36,47,12,0,0
20250326,2025-03-26,5,20,29,39,53,6,0,0
20250329,2025-03-29,7,11,21,53,61,2,0,0
20250331,2025-03-31,12,41,44,52,64,25,0,0
20250402,2025-04-02,5,17,41,64,69,1,0,0
20250405,2025-04-05,4,23,30,46,62,2,0,0
20250407,2025-04-07,20,23,48,59,66,4,0,0
20250409,2025-04-09,4,29,37,55,67,10,0,0
20250412,2025-04-12,16,22,44,45,53,19,0,0
20250414,2025-04-14,3,20,30,52,62,1,0,0
20250416,2025-04-16,20,24,42,43,49,19,0,0
20250419,2025-04-19,7,25,37,39,63,1,0,0
20250421,2025-04-21,4,33,45,46,51,25,0,0
20250423,2025-04-23,15,44,63,66,69,20,0,0
20250426,2025-04-26,1,12,14,18,69,2,0,0
20250428,2025-04-28,26,43,51,56,60,24,0,0
20250430,2025-04-30,1,2,3,57,59,9,0,0
20250503,2025-05-03,10,21,23,35,65,24,0,0
20250505,2025-05-05,16,34,40,45,66,19,0,0
20250507,2025-05-07,14,15,30,40,59,20,0,0
20250510,2025-05-10,5,20,28,39,42,13,0,0
20250512,2025-05-12,15,16,41,48,60,21,0,0
20250514,2025-05-14,4,10,24,29,53,4,0,0
20250517,2025-05-17,7,34,40,42,52,15,0,0
20250519,2025-05-19,13,14,37,50,60,11,0,0
20250521,2025-05-21,9,29,31,34,43,2,0,0
20250524,2025-05-24,12,18,28,48,52,5,0,0
20250526,2025-05-26,13,47,52,64,67,25,0,0
20250528,2025-05-28,23,27,32,35,59,11,0,0
20250531,2025-05-31,1,29,37,56,68,13,0,0
20250602,2025-06-02,1,7,44,57,61,21,0,0
20250604,2025-06-04,5,17,23,35,45,24,0,0
20250607,2025-06-07,31,36,43,48,62,25,0,0
20250609,2025-06-09,30,33,40,43,52,25,0,0
20250611,2025-06-11,13,25,29,37,53,3,0,0
20250614,2025-06-14,4,6,9,23,59,25,0,0
20250616,2025-06-16,17,21,23,27,52,19,0,0
20250618,2025-06-18,23,29,50,64,67,11,0,0
20250621,2025-06-21,3,16,32,52,62,24,0,0
20250623,2025-06-23,5,25,42,44,65,20,0,0
20250625,2025-06-25,2,12,37,51,61,22,0,0
20250628,2025-06-28,4,35,43,52,62,12,0,0
20250630,2025-06-30,13,28,44,52,55,6,0,0
20250702,2025-07-02,7,19,21,54,63,21,0,0
20250705,2025-07-05,1,28,34,50,58,8,0,0
20250707,2025-07-07,33,35,58,61,69,25,0,0
20250709,2025-07-09,5,9,25,28,69,5,0,0
20250712,2025-07-12,8,16,24,33,54,18,0,0
20250714,2025-07-14,8,12,45,46,63,24,0,0
20250716,2025-07-16,4,21,43,48,49,22,0,0
20250719,2025-07-19,28,48,51,61,69,20,0,0
20250721,2025-07-21,8,11,28,33,42,2,0,0
20250723,2025-07-23,2,18,19,25,35,25,0,0
20250726,2025-07-26,8,31,57,65,67,23,0,0
20250728,2025-07-28,7,35,36,43,62,3,0,0
20250730,2025-07-30,4,15,35,50,64,8,0,0
20250802,2025-08-02,6,18,34,35,36,2,0,0
20250804,2025-08-04,8,9,19,31,38,21,0,0
20250806,2025-08-06,15,27,43,45,53,9,0,0
20250809,2025-08-09,7,14,23,24,60,14,0,0
20250811,2025-08-11,6,16,33,40,62,2,0,0
20250813,2025-08-13,4,11,40,44,50,4,0,0
20250816,2025-08-16,23,40,49,65,69,23,0,0
20250818,2025-08-18,15,46,61,63,64,1,0,0
20250820,2025-08-20,31,59,62,65,68,5,0,0
20250823,2025-08-23,11,14,34,47,51,18,0,0
20250825,2025-08-25,16,19,34,37,64,22,0,0
20250827,2025-08-27,9,12,22,41,61,25,0,0
20250830,2025-08-30,3,18,22,27,33,17,0,0
20250901,2025-09-01,8,23,25,40,53,5,0,0
20250903,2025-09-03,3,16,29,61,69,22,0,0
20250906,2025-09-06,11,23,44,61,62,17,0,0
20250908,2025-09-08,26,28,41,53,64,9,0,0
20250910,2025-09-10,2,24,45,53,64,5,0,0
20250913,2025-09-13,28,37,42,50,53,19,0,0
20250915,2025-09-15,14,15,32,42,49,1,0,0
20250917,2025-09-17,7,30,50,54,62,20,0,0
20250920,2025-09-20,15,29,64,66,67,4,0,0
20250922,2025-09-22,3,29,42,46,59,15,0,0
20250924,2025-09-24,15,31,45,49,53,19,0,0
20250927,2025-09-27,10,16,32,61,66,4,0,0
20250929,2025-09-29,1,3,27,60,65,16,0,0
20251001,2025-10-01,8,17,22,28,55,14,0,0
20251004,2025-10-04,3,7,47,67,68,2,0,0
20251006,2025-10-06,28,29,32,66,67,3,0,0
20251008,2025-10-08,8,10,44,48,54,14,0,0
20251011,2025-10-11,13,16,18,20,27,10,0,0
20251013,2025-10-13,13,14,32,52,64,12,0,0
20251015,2025-10-15,10,13,28,34,47,15,0,0
20251018,2025-10-18,3,11,27,40,58,10,0,0
20251020,2025-10-20,32,38,66,67,69,19,0,0
20251022,2025-10-22,18,37,52,54,60,12,0,0
20251025,2025-10-25,2,12,22,39,67,15,0,0
20251027,2025-10-27,17,39,43,51,66,20,0,0
20251029,2025-10-29,4,24,49,60,65,1,0,0
20251101,2025-11-01,2,26,43,44,62,22,0,0
20251103,2025-11-03,3,32,40,43,57,18,0,0
20251105,2025-11-05,9,17,29,61,66,26,0,0
20251108,2025-11-08,3,53,60,62,68,11,0,0
20251110,2025-11-10,6,28,44,48,58,23,0,0
20251112,2025-11-12,29,39,43,51,65,23,0,0
20251115,2025-11-15,6,7,12,47,53,21,0,0
20251117,2025-11-17,7,33,50,57,66,23,0,0
20251119,2025-11-19,10,31,49,51,68,19,0,0
20251122,2025-11-22,28,32,36,51,69,2,0,0
20251124,2025-11-24,8,16,26,30,58,14,0,0
20251126,2025-11-26,7,8,15,19,28,3,0,0
20251129,2025-11-29,19,22,30,32,59,1,0,0
20251201,2025-12-01,5,18,26,47,59,1,0,0
20251203,2025-12-03,1,14,20,46,51,26,0,0
20251206,2025-12-06,13,14,26,28,44,7,0,0
20251208,2025-12-08,8,32,52,56,64,23,0,0
20251210,2025-12-10,10,16,29,33,69,22,0,0
20251213,2025-12-13,1,28,31,57,58,16,0,0
20251215,2025-12-15,23,35,59,63,68,2,0,0
20251217,2025-12-17,25,33,53,62,66,17,0,0
20251220,2025-12-20,4,5,28,52,69,20,0,0
20251222,2025-12-22,3,18,36,41,54,7,0,0
20251224,2025-12-24,4,25,31,52,59,19,0,0
20251227,2025-12-27,5,20,34,39,62,1,0,0
20251229,2025-12-29,11,19,34,48,53,21,0,0
20251231,2025-12-31,11,18,21,24,38,26,0,0
20260103,2026-01-03,18,21,40,53,60,23,0,0
20260105,2026-01-05,4,18,24,51,56,14,0,0
20260107,2026-01-07,15,28,57,58,63,23,0,0
20260110,2026-01-10,5,19,21,28,64,14,0,0
20260112,2026-01-12,5,27,45,56,59,4,0,0
20260114,2026-01-14,6,24,39,43,51,2,0,0
20260117,2026-01-17,5,8,27,49,57,14,0,0
20260119,2026-01-19,5,28,34,37,55,17,0,0
20260121,2026-01-21,11,26,27,53,55,12,0,0
20260124,2026-01-24,2,16,35,61,63,5,0,0
20260126,2026-01-26,21,31,51,60,63,18,0,0
20260128,2026-01-28,21,35,40,46,68,11,0,0
20260131,2026-01-31,2,8,14,40,63,23,0,0
20260202,2026-02-02,3,8,31,60,65,4,0,0
20260204,2026-02-04,27,29,30,37,58,15,0,0
20260207,2026-02-07,25,36,42,51,58,6,0,0
20260209,2026-02-09,6,19,22,28,48,24,0,0
20260211,2026-02-11,6,20,33,40,48,5,0,0
20260214,2026-02-14,23,43,58,60,64,24,0,0
20260216,2026-02-16,16,18,19,56,58,6,0,0
20260218,2026-02-18,9,33,52,64,66,1,0,0
20260221,2026-02-21,27,28,36,48,49,21,0,0
20260223,2026-02-23,5,11,23,29,47,6,0,0
20260225,2026-02-25,50,52,54,56,64,23,0,0
20260228,2026-02-28,6,20,35,54,65,10,0,0
20260302,2026-03-02,2,17,18,38,62,20,0,0
20260304,2026-03-04,7,14,42,47,56,6,0,0
20260307,2026-03-07,17,18,30,50,68,24,0,0
20260309,2026-03-09,22,23,28,36,54,13,0,0
20260311,2026-03-11,3,6,55,58,63,12,0,0
20260314,2026-03-14,9,30,42,50,52,21,0,0
20260316,2026-03-16,7,10,20,47,52,20,0,0
20260318,2026-03-18,14,18,19,21,69,1,0,0
20260321,2026-03-21,12,28,36,41,59,2,0,0
20260323,2026-03-23,12,18,47,56,63,1,0,0
20260325,2026-03-25,7,21,55,56,64,26,0,0
20260328,2026-03-28,11,42,43,59,61,25,0,0
20260330,2026-03-30,7,11,31,41,57,20,0,0
20260401,2026-04-01,4,10,11,52,64,24,0,0
20260404,2026-04-04,3,6,13,41,65,1,0,0
20260406,2026-04-06,7,24,37,42,57,5,0,0
20260408,2026-04-08,3,16,17,42,52,3,0,0
20260411,2026-04-11,6,47,49,53,60,6,0,0
20260413,2026-04-13,38,43,59,63,64,15,0,0
20260415,2026-04-15,13,21,27,43,45,26,0,0
20260418,2026-04-18,24,25,39,46,61,1,0,0
20260420,2026-04-20,9,17,36,47,64,26,0,0
20260422,2026-04-22,24,29,32,49,63,11,0,0
20260425,2026-04-25,4,30,36,52,57,2,0,0
20260427,2026-04-27,18,31,33,36,62,3,0,0
20260429,2026-04-29,3,19,35,51,67,15,0,0
20260502,2026-05-02,25,37,42,52,65,14,0,0
20260504,2026-05-04,30,36,42,60,63,13,0,0
20260506,2026-05-06,18,27,51,65,68,5,0,0
20260509,2026-05-09,15,41,46,47,56,22,0,0
20260511,2026-05-11,24,30,37,56,64,7,0,0
20260513,2026-05-13,22,31,52,56,67,15,0,0
20260516,2026-05-16,8,37,40,44,65,18,0,0
20260518,2026-05-18,4,13,34,61,65,12,0,0
20260520,2026-05-20,10,28,30,46,57,25,0,0
20260523,2026-05-23,4,16,41,48,66,26,0,0
20260525,2026-05-25,17,32,48,60,64,10,0,0
20260527,2026-05-27,5,14,21,31,51,13,0,0
20260530,2026-05-30,1,27,35,44,52,12,0,0
20260601,2026-06-01,2,42,47,57,58,14,0,0
20260603,2026-06-03,14,16,38,55,64,12,0,0
20260606,2026-06-06,16,32,55,59,64,3,0,0
20260608,2026-06-08,3,24,34,43,49,20,0,0
20260610,2026-06-10,12,31,38,60,66,14,0,0
20260613,2026-06-13,3,13,44,50,53,2,0,0
20260615,2026-06-15,25,55,57,60,62,23,0,0
20260617,2026-06-17,3,26,49,53,61,12,0,0
20260620,2026-06-20,16,20,44,48,50,15,0,0
20260622,2026-06-22,17,19,21,45,48,13,0,0
20260624,2026-06-24,13,14,16,21,38,14,0,0
20260627,2026-06-27,3,16,28,30,59,11,0,0
20260629,2026-06-29,10,14,41,53,59,3,0,0
20260701,2026-07-01,2,6,26,39,68,6,0,0
20260704,2026-07-04,17,38,46,50,69,20,0,0
20260706,2026-07-06,17,44,63,66,67,4,0,0
20260708,2026-07-08,12,29,37,43,55,18,0,0
20260711,2026-07-11,8,10,14,45,59,5,0,0
20260713,2026-07-13,5,25,36,40,48,3,0,0
20260715,2026-07-15,2,7,18,29,38,16,0,0
20260718,2026-07-18,9,14,44,50,56,3,0,0
20260720,2026-07-20,2,9,44,53,59,8,0,0
20260722,2026-07-22,4,5,22,50,58,1,0,0
20260725,2026-07-25,3,4,24,36,47,17,0,0
20260727,2026-07-27,6,26,46,58,65,25,0,0
20260729,2026-07-29,30,36,40,42,57,2,0,0
20260801,2026-08-01,6,17,27,48,50,5,0,0
